entity,count
human',1360
'Actins',916
'Kinesin',415
['Actins',404
human'],301
'Myosin ATPase',287
'CD5L gene',285
'KIF11 gene',243
'Microfilaments',219
'Actins'],202
'KIF11 protein,189
'Monomeric GTP-Binding Proteins'],167
'Cardiac Myosins',158
'Myosin ATPase'],140
'Cadherins',128
'rho GTP-Binding Proteins',124
['Kinesin',117
'Dynein ATPase',117
'Dystrophin',115
'rho-Associated Kinases',115
'RHOA protein,110
'F-Actin',109
'Myosin Type II',108
'Integrins',105
['Myosin ATPase',102
['Actins'],101
'Actomyosin',99
'Actin-Binding Protein',99
['RHOA protein,86
'PKD1 gene',85
'Arp2/3 protein complex',84
'Catenins',80
'Guanine Nucleotide Exchange Factors',75
'Tropomyosin',75
'TRPP Cation Channels',72
'Guanosine Triphosphate Phosphohydrolases',72
'RHOD gene',70
'Kinesin'],70
Type I'],68
'RAC1 gene',68
'DNA Topoisomerases,68
['CD5L gene',68
'Platelet-Derived Growth Factor',67
Human',66
'TRPP Cation Channels'],64
'Troponin',64
'PKD2 gene',63
['Dynein ATPase',59
'CD5L gene'],59
'PKD1 protein,58
'GTP-Binding Proteins',58
'MYBPC3 gene',57
['Dystrophin',57
'Toxin',55
'Ventricular beta-Myosin',54
'CDC42 gene',53
'Dystrophin'],52
'E-Cadherin',51
'Monomeric GTP-Binding Proteins',50
'myosin phosphatase',49
'Actin Depolymerizing Factors',49
'Microfilaments'],47
'Troponin'],47
'Septins',44
['F-Actin',43
'Cadherins'],42
'angiotensin II',41
'Receptors,41
'Microtubules',40
'AKT1 protein,40
'Claudins',40
'Clathrin',39
'ROCK2 gene',38
'Troponin T',38
'ROCK1 gene',38
'Camptothecin',38
'Angiotensins',36
'Actin-Binding Protein'],36
'Myosin Light Chain Kinase',36
'Troponin I',36
'Ventricular alpha-Myosin',35
['PKD1 gene',35
'Actomyosin'],34
['Toxin',34
'Integrins'],34
['RAC1 gene',34
'rab GTP-Binding Proteins',33
'Protein-Serine-Threonine Kinases',33
['CD5L gene'],33
'KEAP1 gene',32
'Peptidyl-Dipeptidase A',32
'Endothelin-1',32
Cardiac-Type,32
'interleukin-1,32
'Toxin'],31
'Microtubule-Associated Proteins',30
'Head of myosin',30
'Ankyrins',30
'rho GTP-Binding Proteins'],30
'Myosin-Binding Protein C,29
'RHO gene',29
'Spectrin',29
['E-Cadherin',29
'PIAS1 protein,28
'Scaffold protein',28
'Vinculin',28
'Spectrin'],28
'Actin Capping Proteins',27
'G-Actin',27
'Phosphotransferases',27
'Utrophin',27
'FMN1 gene',27
'Cortactin',26
'CARBONATE DEHYDRATASE'],26
'DCTN1 gene',26
'Shiga Toxin',26
'MRTFA gene',26
['Cardiac Myosins',25
'F-Actin'],25
'MYBPC3 wt Allele',25
'Serum Response Factor'],25
'Utrophin'],25
['RHOD gene',25
['CDC42 gene',25
['KIF11 protein,24
['Cadherins',24
'Ribonucleotide Reductase'],24
'Dynein ATPase'],24
'Clathrin'],24
'beta-adrenergic receptor',24
['Arp2/3 protein complex',23
['Integrins',23
'Serum Response Factor',23
['MYBPC3 gene',23
'superoxide dismutase',23
'DVL1 gene',23
'Wiskott-Aldrich Syndrome Protein',23
['Dystrophin'],22
'VASP gene',22
'Cytoplasmic Dyneins',22
'Scaffold protein'],22
'SCAR complex',22
'Formins',22
'Caveolae',22
'Cyclic AMP-Dependent Protein Kinases',21
['Actomyosin'],21
'Sarcoplasmic Reticulum Calcium-Transporting ATPases'],21
'ANK2 gene',20
'catalase',20
'Tight Junction Proteins'],20
'ubiquitin-protein ligase',20
'PTPNS1 protein,20
'Coat Protein Complex I'],20
'SCRIB protein,20
'PARK7 gene',19
['Toxin'],19
'BRIP1 gene',19
'Talin',19
'ELP1 gene',19
'Somatotropin-Releasing Hormone',19
'PARK7 protein,19
'ubiquitin-like protein ligase activity',19
['beta-2 Adrenergic Receptors',19
'KEAP1 protein,19
'TAFAZZIN gene',19
'Proprotein Convertase 2',19
'Septins'],19
'MYH9 gene',19
'NF-E2-Related Factor 2',19
'Nonmuscle Myosin Type IIA'],19
['CARBONATE DEHYDRATASE'],18
'alpha Catenin',18
'phospholamban',18
'GTP-Binding Nuclear Protein Ran,18
'Myosin Heavy Chains'],18
'Skeletal Muscle Myosins',18
'Monocyte Chemoattractant Protein-1',18
['PKD1 protein,18
'Sarcoplasmic Reticulum Calcium-Transporting ATPases',18
'caveolin 1',18
beta'],18
'Oligodendrocyte-Myelin Glycoprotein',18
'Myelin Associated Glycoprotein',18
'YAP1 protein,18
['Septins',17
['RHOD gene'],17
'Troponin C',17
'Smooth Muscle Myosins',17
'WHRN gene',17
'CDH23 gene',17
'Neural Cell Adhesion Molecule L1',17
'Phosphoric Monoester Hydrolases',17
'Dynamin GTPase',17
'Nogo Receptor 1',17
['KIF11 gene',17
'CDH1 gene',16
'Myosin Light Chains',16
'Nonmuscle Myosin Type IIA',16
'delta catenins',16
'G-Protein-Coupled Receptors',16
['PKD2 gene',16
'MYLK protein,16
['Ribonucleotide Reductase',16
'WNT5A Protein,16
'DOCK8 gene',16
'p21-Activated Kinases',16
'Intercellular adhesion molecule 1',16
'myosin binding',16
'Cardiac troponin I',16
'EZR gene',16
'Formins'],16
['MYH9 gene',16
'Adenomatous Polyposis Coli',16
'Tight Junctions',16
'Fimbrin',15
'E-Cadherin'],15
['rho GTP-Binding Proteins',15
'T-Cell Receptor',15
'MYH7 gene',15
'actin nucleation'],15
'WASL gene',15
'MYMX gene',15
Dihydropyridine',15
['Cholera Toxin',15
['Ankyrins',15
'WAS gene',15
'Homo sapiens',14
'RAB5A gene',14
'Tubulin'],14
'Aquaporin 2',14
'phospholipase D1',14
'polycystic kidney disease 2 protein',14
'Receptor,14
'Tropomyosin'],14
['Monomeric GTP-Binding Proteins'],14
['Clathrin',14
'RHOG gene',14
'IL2RB protein,14
['TRPP Cation Channels',14
'serine palmitoyltransferase'],14
'Monocyte Chemoattractant Protein-1'],14
'Actin Depolymerizing Factors'],14
'Connexin 43',14
'FLNA gene',14
['Guanosine Triphosphate Phosphohydrolases',14
'NFE2L2 Gene Mutation',14
'LIMA1 gene',14
'Transforming Growth Factor beta',14
beta',14
'ENAH gene',14
'Proprotein Convertase 1',13
['Serum Response Factor',13
'SEC23B gene',13
'connectin'],13
'dystrophin-associated glycoprotein complex',13
['Kinesin'],13
'actin nucleation',13
'Actin-Related Protein 2',13
'Channel',13
'sarcolipin',13
'MYO10 gene',13
'TRPV4 protein,13
'LIM Domain Kinase 1',13
'cAMP-dependent protein kinase activity',13
'WASF2 protein,13
'Cardiac troponin measurement',13
'Cell Adhesion Molecules'],13
'N-Methyl-D-Aspartate Receptors',13
['connectin',13
'Microtubule-Associated Proteins'],13
['GABPA gene',13
['caveolin 1',13
'FZD1 protein,13
['F-Actin'],12
'myosin II filament',12
['Cadherins'],12
'TNFRSF19 gene',12
'GJA1 protein,12
'ganglioside receptor',12
'Cholera Toxin',12
'Protein Kinase C',12
'histone methyltransferase',12
['ANK2 gene',12
['rho-Associated Kinases',12
['Catenins',12
'Guanine Nucleotide Exchange Factors'],12
'CNTNAP1 protein,12
'NEXN gene',12
'TRIO gene',12
['Myosin ATPase'],12
'Matrix Metalloproteinases',12
'Clustered Regularly Interspaced Short Palindromic Repeats',12
['Cardiac troponin measurement',12
['KIF18A gene',12
'CDAN1 gene',12
'Cholera Toxin'],12
'serine palmitoyltransferase',11
Neuronal',11
'Cardiac Myosins'],11
'Tropomodulin',11
'Lymphocyte Function-Associated Antigen-1',11
'SERPINA1 gene'],11
'TIAM1 gene',11
'ADP-Ribosylation Factor 6',11
'src-Family Kinases',11
'SLC26A3 gene',11
'Axonemal Dyneins',11
['rab GTP-Binding Proteins'],11
'SRC gene',11
'AFDN gene',11
'asparaginylendopeptidase',11
'ADD3 protein,11
'Annexin A1',11
'TGFA protein,11
'ABL2 gene',11
'SHROOM3 gene',11
'Guanosine Triphosphate Phosphohydrolases'],11
['ARHGEF26 gene',11
'HSP90 Heat-Shock Proteins',11
'PARD3 gene',11
['Caveolae',11
'CARBONATE DEHYDRATASE',11
'guanyl-nucleotide exchange factor activity',11
['Troponin'],10
'RAB7A gene',10
'DLG1 gene',10
'EPS8 gene',10
'PKD1 gene'],10
'LCP1 gene',10
['Neural Cell Adhesion Molecule L1',10
['Shiga Toxin'],10
['Sarcoplasmic Reticulum Calcium-Transporting ATPases'],10
'NF2 gene',10
'Kruppel-Like Transcription Factors',10
'Coat Protein Complex I',10
'ras Oncogene',10
['Actin-Binding Protein',10
'FERMT2 gene',10
'MYH9 gene'],10
'Protein C (activated)',10
'Claudins'],10
'polycystic kidney disease 1 protein',10
['CDC42 gene'],10
'moesin',10
'Cytoskeletal Proteins',10
'rho-Associated Kinases'],10
'Dynactin Complex',10
['rho-Associated Kinases'],10
'Protocadherins'],10
'PLEKHG5 gene',10
'Myosin Type II'],10
'myocardin',10
'BICD2 gene',10
'KLF4 protein,10
'ARF1 gene',10
'Calpain',10
Human herpesvirus 8',10
'nephrin',10
'ORF74 protein,10
'IRF6 gene',10
'ribonucleotide reductase M2',10
'TP53 gene',10
['CADM1 protein,9
'LIMD1 gene',9
'Cytoplasmic Dyneins'],9
'Dynamin GTPase'],9
'GABPA gene',9
'SOX9 gene',9
'ARHGAP29 gene',9
'GPR56 protein,9
['AGFG1 gene',9
'rho guanine nucleotide exchange factor p115',9
['Claudin-2',9
'MYO15A gene',9
'GOLPH3 gene',9
'Cell Adhesion Molecules',9
['WWC1 protein,9
'Ribonucleotide Reductase',9
'ZDHHC3 gene',9
'LMOD2 gene',9
'Arp2/3 protein complex'],9
'NADH dehydrogenase (ubiquinone)',9
'MFGE8 protein,9
'Dynein complex',9
['MYMK gene',9
['Actin Depolymerizing Factors',9
'anillin',9
'PCDH15 gene',9
'TNK1 gene',9
'Troponin I'],9
['Caveolae'],9
'ADP-Ribosylation Factors',9
'RHOD gene'],9
['Tropomyosin',9
'Vinculin'],9
'LRPAP1 gene',9
'cullin-3,9
['PIEZO1 gene',9
'tensin',9
['caveolin 1'],9
['Myosin Light Chain Kinase',9
'polycystin complex',9
'Fascin',9
'Myosin Type I',9
'Tubulin',9
'ANK2 protein,9
'WASF3 gene',9
'Fibronectins',9
'Ankyrins'],9
'glycosyltransferase',9
'ROCK1 protein,9
'LMNA gene',9
'Cathepsins',9
'XIRP2 gene',9
'RTN4 protein,9
'Wiskott-Aldrich Syndrome Protein Family',9
'SEC23A gene',9
['TRIM72 gene'],9
['Clathrin'],9
'phospholipase D1'],9
'KIF18A protein,9
'RTN4RL2 gene',9
'MARK2 gene',9
'Gelsolin',9
'myosin VIIa',8
'Toll-like receptors',8
'ARHGEF2 gene',8
'PRKCA gene',8
['Myosin Type II',8
['xenobiotic transport',8
'NFAT protein binding',8
'VASP gene'],8
'xenobiotic transport',8
'Protein Disulfide-Isomerases',8
'xenobiotic transport'],8
'argipressin',8
'Vimentin'],8
'Activating Transcription Factor 4',8
['Monomeric GTP-Binding Proteins',8
'membrane-associated guanylate kinase',8
'AGFG1 gene',8
'CCDC88A gene',8
['Cholera Toxin'],8
'Peptide Elongation Factor 1',8
'SERPINA1 gene',8
'A Kinase Anchor Proteins',8
'CTNND1 gene'],8
'Myosin Regulatory Light Chain'],8
'dynein heavy chain binding',8
'P-type ATPases',8
'Anti-thyroid-stimulating hormone receptor antibody positivity',8
'RAB1A gene',8
'GHR protein,8
'von Willebrand factor'],8
['Annexin A2',8
'Myosin Heavy Chains',8
'Nitric Oxide Synthase Type I',8
['phospholipase D1',8
'Ryanodine Receptor Calcium Release Channel',8
'MYH6 gene',8
['Fascin',8
'GPSM2 gene',8
'AMP-Activated Protein Kinases',8
['DAAM1 gene',8
'RAC1 gene'],8
'Histone-Lysine N-Methyltransferase SUV420H1,8
'CTNND1 gene',8
'SOX2 gene',8
'Stat3 protein',8
'ARF6 gene',8
'TTN gene',8
'PKD2 gene'],8
'Homo sapiens'],8
'ARPC2 gene',8
'calpeptin',8
'Heterotrimeric GTP-Binding Proteins'],8
'epidermal growth factor',8
'ATP2A2 gene',8
['MYH7 gene',8
'LYST gene',8
'ARHGEF11 gene',8
'AKAP9 protein,8
'PARD6A gene',8
'Tight Junction Proteins',8
'Receptor Protein-Tyrosine Kinases',8
['Sarcoplasmic Reticulum Calcium-Transporting ATPases',8
['Neural Cell Adhesion Molecule L1'],8
'occludin'],8
'p21-Activated Kinases'],8
['Cardiac troponin I',8
'CRKL protein,8
'MYBPC1 gene',8
['MYBPC3 wt Allele',8
'CatSper complex'],8
'GTPase-Activating Proteins',8
'Dystroglycans',8
'KALRN gene',8
'MYBPH gene',8
'DNM1L protein,8
'super elongation complex',8
['E-Cadherin'],8
'AXIN1 gene',8
'RRAD gene',8
'PRKD2 Gene Mutation',8
'connectin',8
'C5a anaphylatoxin receptor',7
'NBEAL2 gene',7
'DWARF OPEN READING FRAME',7
'ARHGEF26 gene',7
'MYO15A protein,7
'RBM20 gene',7
'DOCK1 gene',7
'clathrin adaptor complex',7
['WASL gene',7
'ELP1 gene'],7
'Cytoskeletal Filaments',7
'PSMD10 protein,7
'INVS gene',7
'Vascular Cell Adhesion Molecule-1',7
'ADGRG1 gene',7
'RNA Polymerase II',7
['TTC21B gene',7
'NOS3 protein,7
'Adenylate Cyclase',7
['CHS protein',7
'LYST gene'],7
['TNNI3K gene'],7
'MYO18A gene',7
'Tetraspanins',7
'PAX7 protein,7
'RTN4R gene',7
'SEMA3F gene',7
['Calpain',7
'Adrenergic Receptor',7
'TPM3 gene',7
['IFT88 gene',7
'CYBB gene',7
['MYO7A gene',7
['VANGL2 gene',7
['MYO15A gene',7
'CACNA1C gene',7
'calmodulin-dependent protein kinase II',7
['phospholamban',7
'FSCN1 gene'],7
'FSCN1 gene',7
'Platelet-Derived Growth Factor beta Receptor',7
'connective tissue growth factor',7
['Spectrin',7
'Purinoceptor'],7
'Myosin Light Chains'],7
'TACC1 protein,7
'Phospholipase',7
'receptor complex',7
'HD protein,7
['ADP-Ribosylation Factor 6',7
'intraciliary transport',7
'CADM1 protein,7
['MYO10 gene',7
['TERF2IP gene',7
'SERPINH1 gene',7
['ACTA2 gene',7
['ELP1 gene',7
'IQGAP1 gene',7
['Proprotein Convertase 1',7
'Protein-Serine-Threonine Kinases'],7
'Catenins'],7
['STX2 gene',7
'AURKA gene',7
['C5AR1 protein,7
['Actomyosin',7
'Cytochrome c Reductase'],7
'MYH11 gene',7
'Aurora Kinases',7
['ADD3 protein,7
['NGFR gene',7
'ANXA2 protein,7
'WNT Family Gene',6
'NFASC gene',6
'DMP1 protein,6
'Vimentin',6
'SCN5A protein,6
'erbB-2 Receptor',6
'Phosphoproteins',6
'MMP3 protein,6
['FZD1 protein,6
'Desmosomal Cadherins'],6
'ADGRB1 gene',6
'IL3RA protein,6
'CDH8 gene',6
'nerve growth factor',6
'ACTG2 gene',6
'TARP (TCRgamma alternate reading frame protein)',6
'Optic Atrophy 1'],6
'Wnt signalosome',6
['NFASC gene',6
'Neuregulins',6
'DCC gene',6
'PDGFRA gene',6
['NDUFS4 gene',6
'PROCR protein,6
'RAS Superfamily Proteins',6
'GLIS2 gene',6
['Microfilaments',6
['Focal Adhesion Kinase 1',6
'MAP1LC3A gene',6
'NCKIPSD gene',6
'TLR4 protein,6
'Anion Exchange Protein 1,6
Erythrocyte',6
'Caveolae'],6
'THBS1 gene',6
'mechanistic target of rapamycin complex 1',6
'Shiga Toxin 1',6
'profilin 1',6
'Designed Ankyrin Repeat Proteins',6
'uridine triacetate',6
'Epidermal Growth Factor Receptor',6
'Glycoside Hydrolases',6
'ZMYND10 gene',6
'Cardiac troponin I'],6
'Protein Kinase C'],6
'Integral Membrane Proteins'],6
'Colony-Stimulating Factors',6
'Annexin A1'],6
'Neurofibromatosis 2',6
'Dynein complex'],6
'FLNC protein,6
'Vascular Endothelial Growth Factor A',6
['EZR gene',6
'GP1BA protein,6
'Auxins',6
'katanin',6
['cadherin 5',6
'STRC gene',6
'dynactin subunit 1',6
'SMIM6 gene',6
'CCDC6 gene',6
'NRAS gene',6
'CD18 Antigens',6
'Gonadotropin-Releasing Hormone Receptor',6
'Cyclic Nucleotide Phosphodiesterases,6
'C4orf3 gene',6
'Mitogen-Activated Protein Kinases',6
['Tight Junction Proteins'],6
'Actin-Related Protein 2-3 Complex',6
'WDR1 gene',6
'Pentachlorophenol',6
'TFAP2A gene',6
'Tumor Antigens'],6
'ADD3 gene',6
'NADPH Oxidase',6
Neuron-Glia',6
['metavinculin',6
['SLC26A3 gene',6
'Bromodomain Containing Protein 2',6
'WIPF1 gene',6
'HEG1 gene',6
'KRIT1 protein,6
'OSTN gene',6
'WASF2 gene',6
['ENPEP gene',6
'Adenosine Triphosphatases',6
['Neurofibromatosis 2',6
'AAK1 gene',6
'Lysophospholipase',6
'WAS gene'],6
'AAGAB gene',6
'WASF1 gene',6
'Positive Transcriptional Elongation Factor B',6
'SLC9A3 gene',6
'DLG3 gene',6
'NF-kappa B',6
'fibronectin binding protein A',6
'myosin phosphatase'],6
['Troponin I'],6
'ANK2 gene'],6
'Wiskott-Aldrich Syndrome Protein,6
['Utrophin',6
['Tropomodulin',6
'Actinin',6
['SDHD protein,6
['CARBONATE DEHYDRATASE',6
['AKT1 protein,6
['laminin-1 binding',6
'JAG1 gene',6
'nectins',6
'Exportins',6
'COX7A2L Protein',6
'N-Actin',6
'cytoplasmic linker protein 170',6
'Cre recombinase',6
['CTNND1 gene',6
'MYO5B gene',6
'laminin-1 binding'],6
'ACTR3 gene',6
['KEAP1 gene',6
'Tumor Antigens',6
['ADGRB1 gene',6
'Ephrins',6
'YAP1 gene',6
'KIF3A gene',6
'GOLPH3 protein,6
'ITGB1 gene',6
'CGN gene',6
['RALA gene',6
['DVL1 gene',6
'caspase-3',6
['Nonmuscle Myosin Type IIA',6
['PRKCA gene',6
['ADP-Ribosylation Factors',6
'radixin protein'],6
'Ca(2+)-Transporting ATPase',6
'KIF11 gene'],6
['1-Phosphatidylinositol 3-Kinase',6
'Mitochondria',6
'adducin',6
'Autosomal Recessive Polycystic Kidney Disease',6
['Adenosine Triphosphatases',6
'actin crosslink formation',6
'SYNPO gene'],6
'Casein Kinase II',6
'CFL1 protein,6
['SNAP91 gene',6
'SDHD protein,6
'RHO gene'],6
['TRIO gene',6
['Tumor Antigens',6
'DNMBP gene',6
'alpha-Tubulin',6
'TEAD1 gene',6
['TFG gene',6
'LLGL1 gene',6
'fibrinogen binding'],6
'MIR182 gene',6
['ARF6 gene',6
'MFN2 gene',6
'IFT88 gene',6
'CDH1 protein,6
'Calcineurin',6
['TRPV4 protein,6
'GTF2H1 gene'],6
['LSR gene',5
'RIPK1 protein,5
'TINF2 gene',5
'LSR gene'],5
'PAK1 gene',5
'calponin',5
'protein localization to adherens junction'],5
'deoxyribonucleases'],5
['claudin 4',5
'FMN1 gene'],5
'CDH11 gene',5
'Helix (Snails)',5
'Heterotrimeric GTP-Binding Proteins',5
['TNFSF11 protein,5
'NEPHRONOPHTHISIS 2'],5
'LIMK1 gene',5
'CRMP1 gene',5
'Polymerase'],5
'THOP1 gene'],5
'PRKD1 gene',5
'actin monomer binding',5
['PKD1 gene'],5
['asparaginylendopeptidase',5
'CLC-2 Chloride Channels'],5
['HIPK4 gene',5
'PTCH1 protein,5
'tRNA-intron endonuclease activity'],5
'Interleukin-13',5
'luteinizing hormone',5
'tRNA-intron endonuclease complex',5
'myosin filament',5
'Chitinases',5
['RAB35 gene',5
['Vimentin',5
'MYPN gene',5
'RNA Splicing Factors'],5
'VAC14 gene',5
['Proprotein Convertase 2',5
'NEBL gene',5
['Aquaporin 2',5
'ARHGDIB gene',5
'ESCRT III complex location',5
'CCL2 gene',5
'PCDH7 gene'],5
['Nogo Receptor 1',5
'Platelet-Derived Growth Factor'],5
'Reticulon-4 Receptor-Like 1,5
['Dynamin GTPase',5
'Immunoglobulin E',5
'FGF10 gene',5
['NEBL gene',5
['Spectrin'],5
'Sperm Proteins',5
['CLCN2 gene',5
'Immunoglobulin Domains',5
'C5 gene',5
'CD2AP gene',5
['SEC23B gene',5
'protein localization to adherens junction',5
['AGFG1 gene'],5
['CRMP1 gene',5
'EVL gene',5
['ENAH gene',5
'Claudin-2',5
['CDH1 gene',5
'mucins',5
'FYN gene',5
['CDH23 gene',5
'nebulin'],5
'CCL19 gene',5
'CTNND1 protein,5
'1-Phosphatidylinositol 3-Kinase',5
'SRGAP3 protein,5
'PKHD1 gene',5
'PTPN6 gene',5
'PTEN gene',5
['UCHL1 gene',5
['SHROOM3 gene',5
'Intermediate Filaments'],5
'glutamine transport',5
['NR1I3 protein,5
['MAP3K13 protein,5
['von Willebrand factor',5
'PAR polarity complex',5
'CDH5 protein,5
'cadherin 5',5
'Fragile X Mental Retardation Protein',5
'MAP3K13 protein,5
'RIPK4 gene',5
'Heme-Binding Proteins'],5
'N-Cadherins',5
['TRPC5 gene',5
'Glutamate Receptor'],5
'Membrane Transport Proteins',5
'TCPOBOP',5
'TCPOBOP'],5
'Fibroblast Growth Factor',5
['Autosomal Recessive Polycystic Kidney Disease',5
'DCHS1 gene',5
'PROS1 wt Allele',5
'RAB1A gene'],5
'HDAC6 gene',5
'JTB gene',5
'AVPR2 gene',5
'Hemoglobin C trait',5
['Hemoglobin C trait',5
'MTOR gene',5
'LRRK2 gene',5
'ARG1 gene',5
'asparaginase/ifosfamide/methotrexate',5
'Replication Factor A Single Stranded DNA Binding Protein',5
'Glycoproteins',5
['EPS8 gene',5
'Molecular Chaperones',5
'DNAJB11 gene',5
['ABI2 gene'],5
'NRXN1 gene',5
'USP9X gene',5
['TAFAZZIN gene',5
'myosin filament'],5
'GRHL2 gene',5
'Troponin T'],5
'actin filament network formation'],5
'RAB8A gene',5
'MAP3K7 gene',5
'nectin-1',5
'TJP1 gene',5
'NECTIN2 gene',5
'PDZ Domains',5
'F11R protein,5
['Dynein ATPase'],5
'SYNE1 gene'],5
['CatSper complex',5
'Glycogen Synthase Kinase 3',5
'CatSper complex',5
['Intermediate Filaments',5
'RAP1B gene',5
'FIS1 gene',5
['N-Cadherins',5
'ESRP1 gene',5
['serine palmitoyltransferase'],5
'LIMK1 protein,5
'Cdc42 GTPase complex',5
'TTC4 gene'],5
"'phosphatidylinositol-4,5-bisphosphate binding'",5
'TTC21B gene',5
'ZDHHC2 gene'],5
['CHM gene',5
'ANG gene',5
'Lamin Type A',5
'CHM gene'],5
'LMOD3 gene',5
'ubiquitin-protein ligase'],5
'Microtubules'],5
'Phospholipase C'],5
'Epidermal Growth Factor Receptor'],5
['Wiskott-Aldrich Syndrome Protein,5
'Axin Signaling Complex',5
['TEX14 gene',5
'rab GTP-Binding Proteins'],5
['PAK2 gene',5
'JUN kinase activity',5
'TPM1 gene',5
'MYBPC3 gene'],5
'HAS2 protein,5
['MERTK protein,5
['Protein Kinase C',5
['FLNC gene',5
'Peptide Hydrolases',5
'P2RX7 gene',5
'Tropomodulin'],5
'Desmocollins',5
'DSCAM gene',5
'Filamins',5
['TOR1A protein,4
'chloride transmembrane transport'],4
['Axonemal Dyneins',4
'Protein-Arginine N-Methyltransferase',4
'Axonemal Dyneins'],4
['XIRP2 gene',4
'CYP3A Gene Locus'],4
['NR5A1 gene',4
['CXCL12 gene',4
'chemokine receptor',4
'PDLIM5 gene',4
'MAGI1 gene',4
['delta catenins',4
['CCDC88A gene',4
'desmoglein 2',4
'Myosin-2'],4
['Interleukin-13',4
'Neuropilins',4
['RAP1A protein,4
['Shiga Toxins'],4
'CXCR4 chemokine receptor binding',4
['Phosphotransferases',4
'Talin'],4
'TRAP1 protein,4
'DIAPH1 gene'],4
'DNA Helicases'],4
['SLC9A3 gene',4
'TOR1A gene',4
'Cullin Proteins',4
'JUN kinase',4
'TRAPPC10 protein,4
'RNA-Directed RNA Polymerase'],4
'PLEKHG5 protein,4
'Activins'],4
'ARL13B gene',4
'FKBP12-rapamycin associated protein',4
['ARL13B gene',4
'Frizzled Receptors',4
'Matrix Metalloproteinases'],4
'AXL gene',4
'SH3PXD2A gene',4
'MAPK3 wt Allele',4
'Cullin 5 Protein',4
'PPARGC1A wt Allele',4
'CDKN3 gene',4
['RAB40B gene',4
'PDLIM2 protein,4
'Extracellular Signal Regulated Kinases',4
['CACNA1S gene',4
'Palmitoyl Coenzyme A',4
'Heat Shock Transcription Factors',4
['Utrophin'],4
['PCDH15 gene',4
'MAN1 protein,4
'long-chain-fatty-acid-CoA ligase'],4
'scavenger receptor'],4
['Extracellular Signal Regulated Kinases',4
'C5AR1 protein,4
['clustering of voltage-gated calcium channels',4
'NADH dehydrogenase subunit 4',4
['STK24 gene',4
'MT-ND6 gene',4
'IVNS1ABP gene',4
'KRTAP5-5 gene',4
'Cytokeratin'],4
'BAIAP2L1 gene'],4
['MAMDC4 gene',4
'Histone H3.3,4
['Histone H3.1',4
'ARHGEF12 gene',4
'RAB14 gene',4
['MT-ND4 gene',4
'Panton-Valentine leukocidin',4
'CCNH gene'],4
'bone morphogenetic protein receptor type II',4
'PICK1 gene',4
['Ankyrins'],4
'PKM gene',4
['RTN4R gene',4
'Cadherin-23',4
['BBSome',4
'Neuropilin-1'],4
'Aurora Kinase A',4
'thiol-dependent ubiquitin-specific protease activity',4
'netrin receptor',4
['Chloride-Bicarbonate Antiporters',4
'RNA-Binding Proteins',4
'Cu-Zn Superoxide Dismutase',4
'SMN1 gene',4
'chaetocin',4
'PAX6 gene',4
'anaphase-promoting complex',4
'amatoxin',4
'Transcription Factor AP-1',4
'myocyte enhancer factor 2C',4
'HIPK2 gene'],4
'BRDT protein,4
'CDK2AP2 gene',4
['rho GTP-Binding Proteins'],4
'FMNL3 gene',4
['polycystic kidney disease 2 protein',4
'LRRK2 gene'],4
'CAP1 peptide',4
'HNRNPA2B1 gene'],4
'APEX2 protein,4
'KCNJ3 gene',4
'FHOD3 gene',4
'KCNJ5 gene',4
'CLEC1B gene',4
'Osteoclasts',4
'PDPN gene',4
['MAP7 gene',4
['profilin 1',4
'XPO6 gene',4
'profilin 1'],4
'MYO5A protein,4
Lysophosphatidic Acid',4
'caveolin 1'],4
'PLXNA1 gene',4
['cytochrome P450 3A',4
'DAAM1 gene',4
['myosin-binding protein C',4
Human,4
'LOXL1 gene',4
'RNF40 gene'],4
'RNF20 gene',4
['DCTN1 gene',4
'RALA gene',4
'prostaglandin E synthase',4
'Lamins'],4
['RIT1 gene',4
'Prostaglandin-Endoperoxide Synthase',4
'PPP1R12A gene',4
['TPM2 gene',4
['SPTBN1 gene'],4
['DWARF OPEN READING FRAME',4
'Class 3 Semaphorins',4
['RAC1 gene'],4
'glycerate dehydrogenase activity',4
['STX2 protein,4
'Dynactin Subunit 1,4
['PHGDH gene',4
['MYOTONIC DYSTROPHY 1',4
['NBEAL2 gene',4
['paxillin',4
'HSP90 Heat-Shock Proteins'],4
'TGFB1I1 gene',4
['arginine',4
'diphtheria toxin receptor',4
'Huntingtin Protein'],4
['Chromosomes,4
'desmoplakin',4
'Annexins'],4
'Myosin myofilament',4
'PPP1CB gene',4
'Ubiquitin-Conjugating Enzymes',4
'Cadherin Domain',4
'PPIA gene',4
['VANGL2 gene'],4
'Destrin',4
['LRRC8A gene',4
['DSCAM gene',4
'TNS4 gene',4
['TRIM72 gene',4
'CARMIL3 gene',4
'CARMIL1 gene',4
'TRIM72 gene'],4
L-glutamate-forming) activity',4
['P2RX7 gene',4
['Vinculin'],4
['Nogo Receptor 2',4
'APPBP2 gene',4
'rhoA GTP-Binding Protein'],4
'NRCAM protein,4
'Glutaryl-CoA dehydrogenase',4
['ARG1 gene',4
'Ornithine Decarboxylase',4
'SLC38A9 gene',4
'VPS35 gene',4
['Tetraspanins',4
'Ornithine Decarboxylase'],4
'TMOD1 gene',4
'CD68 antigen,4
['ACTG2 gene',4
'Calcineurin'],4
'H4K20me3 modified histone binding',4
'RHOC protein,4
['neurotrophic factor'],4
['Autosomal Recessive Polycystic Kidney Disease'],4
'KMT5C wt Allele',4
'Histone H4,4
['Synucleins',4
'mitochondrion migration along actin filament',4
'DSPP gene',4
'Tyrosine Kinase Domain'],4
'RNF2 gene'],4
['ORC1 gene',4
'SYNE2 gene',4
'ADGRB1 gene'],4
['AICDA gene',4
'Cytidine Deaminase'],4
'SNX27 gene',4
'BAIAP2L1 gene',4
['G-Actin',4
['TFAP2A gene',4
'SHANK3 gene',4
['connexin 36',4
'PPP1R12B gene',4
'CYP3A Gene Locus',4
'CCR1 protein,4
'Macrophage Inflammatory Protein-1'],4
['Cell Adhesion Molecules'],4
'histone H4-K20 methylation'],4
['Troponin C',4
'MRTFA gene'],4
'SEPTIN7 gene',4
'Annexins',4
'RNA-Binding Motifs',4
['Connexin 43',4
'Catenin Delta-1'],4
'PTHLH gene',4
'Extracellular Matrix Proteins',4
['tetraethyl pyrophosphate'],4
'Maytansinoid DM1'],4
'protein kinase N',4
'LAMB4 gene',4
'CRACD gene',4
['Host Factor 1 Protein',4
'FAT2 gene',4
'Adrenergic Receptor'],4
['genipin',4
'Host Factor 1 Protein',4
['Chemotherapy Regimen',4
'Cortactin'],4
'CEP290 gene',4
['BIN1 gene',4
'GIMAP5 gene',4
'SH2 Domain',4
'tacrine'],4
'Annexin A2'],4
'MET Gene Mutation Negative'],4
'MET Gene Mutation Negative',4
'DSPP gene'],4
'SCRIB gene',4
'Neuropilin-1',4
'S100A4 gene',4
'Amyloid Proteins',4
['Adenomatous Polyposis Coli',4
'ARHGEF4 gene',4
'CDK1 wt Allele',4
'SFRP2 gene',4
'CCR2 gene',4
['Platelet-Derived Growth Factor',4
['ROCK2 gene',4
'TECTA gene'],4
'PKHD1L1 gene',4
'Presenilins',4
['Myosin-1',4
'Presenilin-2',4
'Presenilin-1',4
'CEACAM16 gene',4
'Adenomatous Polyposis Coli'],4
['GTP-Binding Nuclear Protein Ran,4
['FLNA gene',4
'Interleukin 2 Receptor',4
['ROCK1 protein,4
'CAV1 gene',4
'KANK1 gene',4
Long Untranslated',4
'Fumarate Hydratase',4
['TUBB3 protein,4
'Laminin',4
'Actinin'],4
'Glutamate Receptor',4
'WWC1 protein,4
'dystroglycan complex',4
'KIF21B gene',4
'RSU1 gene',4
'IPCEF1 gene',4
'epoprostenol',4
'MYOCD gene',4
'RNA,4
'TIPARP gene',4
['ABHD11-AS1 gene',4
'CDK1 gene',4
['Cardiac troponin measurement'],4
'TFG gene'],4
'actin filament depolymerization'],4
['Troponin T'],4
'thermozymocidin',4
'NECTIN1 gene',4
'Junctional Adhesion Molecules',4
'TNNT2 gene',4
'Topoisomerase II',4
['SPTLC1 gene',4
'myosin VI',4
'CDH10 gene',4
['GIPC3 gene',4
'Glucosyltransferases',4
'TERF2IP gene',4
'CDH6 gene',4
['nebulin',4
'FITC-albumin',4
'Lectin',4
'Sialyltransferases',4
['RHOB gene',4
'Fibroblast Growth Factor'],4
'Serine/Threonine Protein Kinase NIK',4
'MAP Kinase Kinase Kinase 2',4
'AGFG1 gene'],4
['Tubercidin',4
'SUI1 protein,4
'Adaptor Protein Complex 2',4
'CDH9 gene',4
'Claudin-5',4
'mucins'],4
'MYBPHL gene',4
'SLC4A2 Protein',4
'PLCE1 gene',4
'EZR gene'],4
'Actin Capping Proteins'],4
'Relaxin',4
'XPO1 gene',4
'IQCB1 gene',4
'Vascular Endothelial Growth Factor A'],4
'GUSB gene'],4
['SMYD1 gene',4
'ROCK2 protein,4
'ZAP-70 Kinase',4
'Transglutaminases',4
['connectin'],4
['WASF3 gene',4
'FYN gene'],4
'TCF7L2 protein,4
'ABL1 gene',4
['MYBPHL gene',4
'PLA2G4A protein,4
Nerve Growth Factor',4
['PIR gene',4
'NCK1 gene',4
'KH Domain',4
['LMOD2 gene',4
'ACTR2 gene',4
'ABCB11 protein,4
'Calmodulin',4
'SETD3 gene',4
'MBTPS1 gene',4
'Dystrophin-Associated Protein Complex',4
'LPA gene',4
'MYH7 gene'],4
'formate C-acetyltransferase activity'],4
['ABCB11 protein,4
['serine palmitoyltransferase',4
'Microtubule Proteins'],4
'Caveolins'],4
'PKD1 wt Allele',4
['Cyclin-Dependent Kinase 5',4
'Pleckstrin Homology Domains',4
'ODF2 gene'],4
'DIAPH3 protein,4
['RAB8A gene',4
'MYMK gene',4
'MYMX gene'],4
'collagen',4
'adociasulfate-2',4
'vacuolar H+-ATPase'],4
'SIRT1 gene',4
'Myosin-2',4
'Septin-9',4
'ASPM protein,4
'SMN Complex Proteins',4
['Talin',4
'TXNL1 gene'],4
'ADP Ribose Transferases',4
['myocardin',4
'hepatitis B virus X protein',4
'KLC1 gene',4
'Aspartate Carbamoyltransferase',4
'actin binding',4
'ZBTB7A protein,4
'Luciferins',4
'nucleoside phosphorylase',4
'synaptotagmin p65',4
'PIR gene',4
'Xanthine Oxidase'],4
'netrin receptor'],4
'Amelogenin'],4
['SIRT1 gene',4
'cadherin 5'],4
'ADGRG1 gene'],3
'EGLN3 gene',3
['PTK7 protein,3
['KLF15 gene',3
'Ubiquitin'],3
'NRP2 gene',3
'WWTR1 gene',3
'CAV1 gene'],3
'KLF5 gene',3
'JAM3 gene',3
['ACACB gene',3
'CHL1 gene',3
'DCC Receptor',3
'MASP2 gene',3
['Cell Adhesion Molecules,3
'PAFAH1B1 gene',3
Isoforms 1/2/3/5',3
['ADGRG1 gene',3
'Protein Glutamine gamma Glutamyltransferase 2',3
['CCL2 gene',3
['IFT20 gene',3
'Growth Associated Protein 43',3
'Aquaporin 1',3
'Cell Adhesion Molecules,3
['KLF5 gene',3
['IRF6 gene',3
['Ribonucleotide Reductase'],3
'thiol-dependent ubiquitin-specific protease activity'],3
'EGLN2 protein,3
'Acetyl-CoA Carboxylase',3
'PKD1L1 gene',3
['EIF2S1 gene',3
'VANGL2 gene',3
'Alpha-Ketoglutarate-Dependent Dioxygenase FTO',3
'Ubiquitin',3
['Heat Shock Transcription Factors',3
['Guanosine Triphosphate Phosphohydrolases'],3
'Phosphatidylinositol Transfer Proteins'],3
'RUNX2 gene',3
'ACTN1 protein,3
'CHL1 gene'],3
'Microtubule-Actin Cross-Linking Factor 1,3
'NR5A1 gene',3
'Regulatory Factor X1',3
'RAB13 gene'],3
'Heat Shock Transcription Factors'],3
'DCLK1 gene',3
'Junctional Adhesion Molecules'],3
'RNA Transcript',3
'EARP complex',3
['AUTS2 gene',3
['TAGLN gene',3
['ARHGAP36 gene',3
'Histone Chaperones',3
['onabotulinum toxin A'],3
'peroxidase',3
'Adenine Nucleotide Translocase'],3
['GPX4 gene',3
'SLC25A5 gene',3
'ANK2 wt Allele',3
['GJA1 protein,3
['Cell Adhesion Molecules',3
['Immune Checkpoint Proteins',3
['Adenine Nucleotide Translocase',3
'latrunculin A',3
'SUMO1 gene',3
'MARK2 gene'],3
'GPX4 gene'],3
['FEV gene',3
'CRYBG1 gene',3
['PADI4 gene',3
['WASH complex',3
'HDAC3 gene',3
'Myoglobin',3
'SMYD2 gene',3
'SMYD3 gene',3
['calmodulin-dependent protein kinase III',3
'CLIC5 gene'],3
'fibrillin-1',3
['Toc complex',3
['LDLRAP1 gene',3
'NDFIP1 gene',3
'Renin',3
'NDFIP2 gene'],3
'PADI2 wt Allele'],3
'EGFR gene',3
'FERMT3 protein,3
['TRPC6 gene',3
'GNAI1 gene',3
'TRPC6 gene',3
'CD36 Antigens',3
['Surface Antigens',3
'Tyrosinase related protein-1'],3
'Importins',3
'T-helper cell type 2',3
['CCDC186 gene',3
'DSTN gene',3
'PTPN11 gene',3
['KIF11 gene'],3
'Phosphorylated Signal Transducer and Activator of Transcription 3 Positive',3
'cdc42 GTP-Binding Protein'],3
'WWTR1 gene'],3
'AUTS2 gene'],3
'AUTS2 gene',3
'MAP7 gene',3
'Fibrillin Microfibrils',3
['AAK1 gene'],3
'TPCN2 gene',3
'Tyrosinase related protein-1',3
'KAT5 wt Allele'],3
'Hyper IgE',3
'GJA1 gene',3
'PPP1R14A gene',3
['TPCN2 gene',3
'DCT gene',3
'Cyclophilin A'],3
'HPS4 gene',3
'Catechol Oxidase',3
'Peptidylprolyl Isomerase',3
['Cyclophilin A',3
'Intercellular adhesion molecule 1'],3
['FGF18 gene',3
'HPS1 gene',3
'Protein Phosphatase 1',3
'STXBP3 gene',3
'MAJOR AFFECTIVE DISORDER 2',3
'SLC2A1 gene',3
['Pyruvate Oxidase'],3
['PLXNA1 gene',3
['UPF1 gene',3
'Granulocyte Colony-Stimulating Factor',3
'CD11b Antigens',3
'Botulinum Toxins',3
['ras Oncogene',3
'CD11a Antigen',3
'ITGAM protein,3
'DEAFNESS,3
'RND1 gene',3
'CDH2 gene',3
['CDTA',3
'KIF2C gene',3
['rhosin',3
'PCDH15 gene'],3
'Clostridium difficile Toxin A Positive',3
['FHOD1 gene',3
['SCARB1 wt Allele',3
'Ceramide Kinase,3
'MKI67 gene',3
'Endothelium'],3
['Inosine Diphosphate',3
['Janus kinase 2',3
'PTK2B gene',3
'CD47 Antigen',3
'CAV2 gene',3
'ESPN gene'],3
['SMAD3 protein,3
'Group III Histone Deacetylases',3
'PLVAP gene',3
['ESRP1 gene',3
'MXD1 wt Allele',3
'ESRP1 gene'],3
'Nucleoproteins'],3
['Desmin',3
'CNTN1 gene',3
['PKD1L1 gene',3
'CH domain binding',3
'Desmoglein-2,3
'Synapsins'],3
'interleukin-6',3
'SCARB1 gene',3
'RNA-Directed RNA Polymerase',3
['CALML5 gene',3
'Deoxyguanosine kinase'],3
'Large-Conductance Calcium-Activated Potassium Channels',3
'ADAMTS13 protein,3
'Heavy Meromyosin',3
['SYNPO gene',3
['brain-derived neurotrophic factor',3
trkB',3
'NTRK2 gene'],3
'GP6 gene',3
['MLIP gene',3
'metavinculin',3
['ANK2 protein,3
'GAS8 protein,3
'HYLS1 gene'],3
'MYH11 protein,3
'RAP2A gene',3
['MYO18B gene',3
'chaperone complex'],3
['kinesin motor activity'],3
'MYOCD gene'],3
['KCNB1 gene',3
'DGUOK gene',3
'VAV1 gene',3
'CDKN1B gene',3
'FMO3 gene',3
'Actin-Related Protein 3',3
'MICA gene',3
['Optic Atrophy 1',3
'Protocadherins',3
Type 4'],3
'PGP gene',3
'cyclic AMP',3
'NFASC gene'],3
'BTK gene',3
'Protein Tyrosine Kinase',3
['proto-oncogene protein c-crk',3
'proto-oncogene protein c-crk'],3
'ARHGEF18 gene',3
'Proton-Translocating ATPases',3
'SEPTIN6 wt Allele',3
['Proinsulin',3
'Head of myosin'],3
['ACOX2 gene',3
'CALML5 gene',3
'Motor protein'],3
'Integrin alpha5',3
'Semaphorins',3
'Creatine Kinase',3
['Spinocerebellar Ataxia Type 2',3
'Lactate Dehydrogenase',3
'Phosphotransferases'],3
'Blood Platelets',3
'CIBAR1 gene',3
'RRM2B gene',3
['RRM2 gene',3
'thrombin'],3
'Interleukin-3 Receptor',3
'valine',3
'regulin',3
'Claudin-1',3
'NECTIN1 protein,3
['PSMD10 protein,3
['Annexin A1',3
'CDK9 protein,3
'XPO1 protein,3
'CCNT1 gene',3
'Semaphorins'],3
'SYNE2 gene'],3
['ADGRF5 gene',3
'envoplakin',3
['NLRP6 gene',3
'NLRP6 gene',3
'DHX15 gene',3
'NLR Proteins',3
['FANCD2 gene',3
'Exotoxins',3
'Fanconi Anemia Complementation Group D2 Protein'],3
'gamma-Actin',3
['ELP1 Gene Mutation'],3
'paxillin',3
'Protein Tyrosine Phosphatase',3
['MRTFA gene',3
'Dystrophin genes',3
'SLC4A3 gene',3
'MYO1E gene',3
'TRANSCRIPTION FACTOR',3
['MYO3A gene',3
'DBNL gene',3
'NADH dehydrogenase (ubiquinone)'],3
['Guanine Nucleotide Exchange Factors',3
'STK19 gene',3
'myosin VIIa'],3
['Claudins',3
'MLF1 gene'],3
'dendrin',3
'CCDC40 gene',3
['CCDC39 gene',3
'protein transport along microtubule',3
'KIFAP3 gene',3
'RTN4R gene'],3
'BAT Locus'],3
'STX2 gene',3
'Cadherin Related Proteins',3
['GDF11 gene',3
'GDF11 gene'],3
['EZR gene'],3
'actin filament polymerization',3
['Leucine-Rich Repeat Proteins',3
'Antigens,3
'DUBm complex',3
'Aldolase A'],3
'MYH3 gene',3
'Clathrin Heavy Chains',3
'ATG7 gene',3
'NPHS2 protein'],3
'Myosin-1'],3
'Thrombomodulin'],3
'Thrombomodulin',3
'F5 gene',3
'KLF2 gene',3
'NECTIN4 gene',3
'PVR gene',3
'Agrin',3
'Cholinergic Receptors',3
['KRIT1 protein,3
['actomyosin location'],3
['Cholinergic Receptors',3
['Amanitins',3
['BAIAP2L1 gene',3
'EPHA4 gene',3
'Cyclic GMP-Dependent Protein Kinases'],3
'ATF3 gene',3
'SEC23B gene'],3
'MAMDC4 gene',3
'FLNC gene'],3
'Steroidogenic Factor 1'],3
'myosin-binding protein C',3
'SIAH2 gene',3
'CYP11B2 gene',3
['Desmoglein-3,3
'U1 snRNA binding'],3
'Desmoglein-3,3
'Blood group antigen N',3
'dopamine transporter',3
['netrin-1',3
'ELP1 Gene Mutation',3
['Hypoxia Inducible Factor Family',3
'EP300 gene',3
['DNA-dependent protein kinase',3
'Aldolase A',3
'EID1 gene',3
'LDB3 gene',3
'ARAP3 gene',3
'PPP1R1B gene',3
'Fructosediphosphate Aldolase',3
'GIT1 gene',3
'SMG1 protein,3
'HK2 protein,3
'dystrophin-associated glycoprotein complex'],3
['Gelsolin',3
'luteinizing hormone'],3
'Nuclear Receptor Gene'],3
'MANF gene',3
['sarcolipin',3
'FGF20 protein,3
'ribonucleoside-diphosphate reductase activity',3
['Flagellin',3
'ras Proteins',3
'Cytochromes c',3
['RAB5A gene',3
['gonadorelin',3
['Epidermal Growth Factor Receptor',3
'KIF3B gene',3
'MFN1 gene',3
['CFAP53 gene',3
'TULP3 gene',3
'Gonadotropins',3
'gonadorelin',3
'BHLHA15 gene',3
'Hypoxia Inducible Factor Family'],3
'ARHGAP35 gene'],3
'Myosin Light Chain Kinase'],3
'link protein'],3
'PITPNC1 gene'],3
'Endopeptidases',3
'PHEX gene',3
['TGFA protein,3
'PI4KB wt Allele',3
['IFT88 gene'],3
'PI4KB gene',3
'ESRRB gene',3
['MYO18A gene',3
['CYFIP1 gene',3
'Oligodendroglia',3
['Somatotropin-Releasing Hormone',3
'RND1 gene'],3
'SMAD4 protein,3
'WNT3A gene',3
['ELMOD2 gene',3
['Cytochrome c Reductase',3
Wnt',3
['ACRBP protein,3
'HLA-G wt Allele',3
'ACRBP protein,3
'Platelet Glycoprotein V,3
'RAS Family Gene',3
'CHS protein',3
['Myosin-Binding Protein C,3
['Helix (Snails)',3
'Type II Secretion Systems',3
'Nogo Receptor 2'],3
['isopentenyl methylenediphosphonate',3
'KLK11 protein,3
'FHL2 gene',3
'regulation of actin filament polymerization'],3
['MYBPC3 wt Allele'],3
['Microtubules'],3
'gelatin'],3
'GIPC3 gene',3
'C1orf105 gene',3
['ACTN4 protein,3
'JTB protein,3
'DUSP2 gene',3
'Transient Receptor Potential Channels',3
'Dopamine Receptor',3
'NPR1 gene',3
'NPR2 gene',3
['Heme Oxygenase-1',3
['SCRIB protein,3
'HIV-1'],3
'Annexin A6,3
'GDI2 gene',3
['GPCPD1 gene',3
'NPR3 gene',3
'Cyclic GMP',3
'GDI1 gene',3
'PI4KA gene'],3
Guanylate Cyclase-Coupled',3
'CHMP4B gene',3
['CDC42EP1 gene',3
'AC133 antigen'],3
['Transient Receptor Potential Channels',3
'Myosin Type I'],3
['CAPN3 gene',3
['Adrenal Cortex Hormones',3
['OSTN gene',3
'TSPO gene',3
'connexin 36'],3
'MAPK14 gene'],3
['heterochromatin assembly',3
['Homo sapiens',3
'HSC70 Heat-Shock Proteins'],3
['SLC26A3 gene'],3
'Coiled-Coil Domain',3
'glycerophosphocholine phosphodiesterase',3
['KALRN gene',3
'RAC1 protein,3
'glycerylphosphorylcholine',3
'TMC1 gene',3
'GDPD5 gene',3
['Catenin Delta-1',3
Corticosteroid',3
'PDCD6IP gene',3
'Muscular Dystrophies,3
'Actin-Related Protein 2'],3
'hemin'],3
['NADPH Oxidase 1',3
'TARP Gene'],3
'Chlamydia trachomatis',3
['TARP (TCRgamma alternate reading frame protein)',3
'STX1A gene'],3
['CHS protein'],3
'clathrin coat',3
'STX2 protein,3
'NDUFS4 gene',3
'LOXHD1 gene'],3
'ARHGEF1 protein,3
'ARHGAP26 gene',3
'MCOLN2 gene',3
['FYN gene',3
'SLC22A12 gene'],3
'SLC17A6 gene',3
'MYLK gene',3
'CX3CL1 gene',3
['MYOD1 gene',3
Limb-Girdle',3
'DOCK4 gene',3
'Prominin-1,3
'Fractalkine'],3
'actomyosin location',3
'SHROOM3 gene'],3
['KIFC1 gene',3
'Glutathione S-Transferase Theta-1,3
'NUMA1 gene',3
'Nitric Oxide Synthase',3
['SYNE1 gene'],3
'NADPH Oxidase 1',3
'sepiapterin',3
['dyngo-4a',3
'Tetrahydrobiopterin',3
'GSTM1 gene',3
'MYF5 gene'],3
['DOCK4 gene',3
'CD34 Antigens',3
'ARL2 gene',3
['DUX4 protein,3
['CACNA1F gene',3
'PTPMT1 gene'],3
'KCNJ2 gene',3
'DNAAF5 gene',3
'PAG1 gene',3
'TPM2 gene',3
'water channel',3
['Dynamin GTPase'],3
['RAB1A gene'],3
'CDC42BPA protein,3
'DSCAM gene'],3
'saccharopine dehydrogenase (NAD+,3
['tensin',3
['IQGAP2 gene',3
'FUT2 gene',3
'SQSTM1 gene',3
['KEAP1 protein,3
'INSL6 gene'],3
'LinE complex'],3
Human'],3
'METTL14 protein,3
'DNAAF2 gene',3
'Spinocerebellar Ataxia Type 2',3
'Ternary Complex Factors',3
'MPDZ gene',3
'Rod Photoreceptors',3
'DNA-dependent protein kinase complex',3
['LORICRIN gene'],3
['Heat Exchangers',3
'PALS1 gene',3
'Heat Exchangers',3
'PRKDC gene',3
['Myosin Type II'],3
['TMOD1 gene',3
'Desmosomal Cadherins',3
'caspase-7'],3
'Desmoglein-1,3
'PTGS2 protein,3
'Antigen-Presenting Cells',3
'YAP1 gene'],3
['TIAM1 gene',3
'Protein Kinase C Alpha',3
'SLC47A1 gene',3
'actin rod assembly',3
'ZW10 gene',3
'EPS8 gene'],3
'activating transcription factor 6,3
['Ubiquitin',3
'fMet-Leu-Phe receptor',3
'OLIG2 protein,3
'Connexin 43'],3
'EIF2AK3 gene',3
['RND3 gene',3
'RND3 gene',3
'SCN5A gene',3
'Growth Factor Receptors',3
'RNA-Directed DNA Polymerase'],3
'HCAR1 gene',3
'tRNA Methyltransferases',3
'BAIAP2 protein,3
'Calcium Channel',3
'neuroligin'],3
'polycystic kidney disease 2 protein'],3
'Cyclin-Dependent Kinase 5'],3
'Remodels the Structure of Chromatin'],3
'NOD2 gene',3
'outer membrane protein complex',3
'SS18 gene',3
'Surface Antigens'],3
'TFAP2C gene',3
['TEAD4 gene',3
'NOD1 gene',3
'arginine',3
'E-Selectin',3
['SMARCB1 protein,3
'SMARCA4 protein,3
'SSX Protein Family',3
'EGF Family of Proteins',3
['Lymphocyte antigen CD82',3
'CDC42BPA gene',3
'Canonical BAF Complex',3
'ACTL6A gene',3
['SPTA1 wt Allele',3
'alpha-Spectrin',3
['Growth Factor Receptors',3
'MUC5AC gene',3
'DLG1 protein,3
'dynein light intermediate chain binding'],3
'CRB2 gene',3
'ROR2 protein,3
['ARHGAP25 gene',3
'Bone Morphogenetic Proteins'],3
'interleukin-22',3
'interleukin-7',3
['Vascular Endothelial Growth Factor A',3
'glycoprotein complex'],3
'PABPC1 gene',3
'Skeletal Muscle Myosins'],3
'beta-adrenergic receptor'],3
'UCP1 gene',3
['INO80 gene',3
['TP53BP1 gene',3
'Neural Cell Adhesion Molecule L1'],3
'UCHL5 gene',3
'SLIT2 gene',3
'PAR polarity complex'],3
'FLNC gene',3
'Bone Morphogenetic Proteins',3
['Pentachlorophenol',3
'Macrophage Colony-Stimulating Factor',3
['DUX4 gene',3
'Ternary Complex Factors'],3
'KCNA1 gene'],3
['ZDHHC17 gene',3
'TCR signalosome',3
'PAK3 gene',3
['Sphingosine 1-Phosphate Receptor 1,3
'Transcription Factor 4',3
'FZD2 gene',3
'DAAM2 gene',3
'Focal Adhesion Kinase 1',3
['PHEX gene',3
'CYFIP1 gene',3
Transforming Growth Factor-beta Type I',3
'Telomere-Binding Proteins'],3
['MAP3K12 gene',3
'Tubulin Binding'],3
'B4GALNT2 gene',3
'ELP1 Gene Mutation'],3
'PLEKHM1 gene',3
['kinetin',3
'DYNC1LI1 gene',3
'romidepsin'],3
'Ku autoantigen',3
'RALB Protein',3
'epidermal growth factor'],3
'EXO1 protein,3
'FAM98A gene',3
['NUMBL gene',3
'HOOK3 gene',3
'SNCG gene',3
'PIH1D2 gene',3
'TREM2 protein,3
'tetraethyl pyrophosphate',3
['formate C-acetyltransferase activity',3
'cytoplasmic dynein complex',3
'MYPN gene'],3
'ZWILCH gene',3
'Epimerases',3
['MYPN gene',3
'DNAAF1 gene',3
'CHKA gene',3
['DNAAF2 gene',3
'VAV2 Protein',3
'sarcolipin'],3
Type 3'],3
'Immunoglobulins'],3
['Shiga Toxin 2',3
MM Form'],3
'NUMB gene',3
'Shiga Toxin 2',3
['TNF receptor-associated periodic fever syndrome (TRAPS)'],3
'Creatine Kinase,3
'NDEL1 gene',3
'Ryanodine Receptor 1',3
'Regulatory Factor X Transcription Factors'],2
'AMOT gene',2
'Interferon Regulatory Factors',2
'PCDH19 gene',2
'MYO1F gene',2
'PCDH17 gene',2
'Mineralocorticoid Receptor'],2
'SFPQ gene',2
'CES1 protein,2
'B3GAT2 protein,2
['VAV1 gene',2
'LIX1L gene',2
'Plexin-D1',2
'Heat shock proteins',2
'alpha-adrenergic receptor',2
'VAV2 Protein'],2
'UBE2N protein,2
'plexin',2
['PCDH10 gene',2
'relaxin receptors'],2
'MIB1 ligase,2
['FBXW7 gene',2
'1-phosphatidylinositol-4-phosphate 5-kinase activity'],2
['ANO1 gene',2
'enhancer-binding protein AP-2'],2
'RHBDF2 gene',2
'Nucleoside-Diphosphate Kinase',2
IGF Type 2',2
'Filipin',2
'NPC2 gene',2
'EIF2C2 protein,2
'Single-Stranded RNA',2
'IGF2R gene',2
['SRGAP2C gene'],2
'VAV1 wt Allele',2
['RAB13 gene',2
['Phosphatidylinositol Phosphates',2
'SNX3 gene',2
'CAVIN2 gene',2
['CAVIN2 gene',2
['TSPO gene',2
'Dynamin 2'],2
'USP6 gene',2
'CDC16 gene',2
'ubidecarenone',2
'ER-mitochondrion membrane contact site'],2
'Gap Junctions',2
'Organic Cation Transporter',2
['Designed Ankyrin Repeat Proteins',2
'GJB2 protein,2
['Sarcoplasmic/Endoplasmic Reticulum Calcium ATPase 2',2
['Phosphatidylinositol Transfer Proteins',2
'ARVCF gene',2
'IL17RA protein,2
['Heterogeneous-Nuclear Ribonucleoprotein K'],2
'TBX5 gene'],2
'choline binding',2
['Acetyltransferase',2
'NAT10 gene'],2
'TNNT2 gene'],2
'TGFB1 gene'],2
'DVL2 gene',2
'Protein Kinase C-epsilon',2
'S100 Family Gene',2
['EXOC5 gene',2
['ZBP1 gene',2
'SSH1 protein,2
'Cofilin 2',2
'TRIO gene'],2
'RAP1A protein,2
'NEDD4 gene',2
['asparaginase/ifosfamide/methotrexate',2
'Organic Anion Transporters',2
'LDL-Receptor Related Protein 1',2
'GAPVD1 gene',2
'LCN10 gene',2
'METTL18 gene',2
'Platelet-Derived Growth Factor Receptor',2
'ELMO1 gene',2
'COL1A1 protein,2
'PLPP1 gene',2
['INPP5D gene',2
'CFLAR gene'],2
'NLRC4 gene',2
'WWP1 protein,2
'DOCK5 gene',2
'EGR2 gene',2
'ETV1 gene',2
'Histone H3 Acetyl Lys28',2
'NFE2L1 gene',2
'TAL1 protein,2
['Tubulin',2
'Tacrolimus Binding Protein 1A',2
'Caspase-1',2
'ERCC6 gene',2
'Caveolins',2
['Caspase-1',2
'MAP3K11 gene',2
'MYO1F gene'],2
'MYCT1 gene',2
['DOCK1 gene',2
'SET Domain',2
['TBC1D8B gene',2
'CDC42EP4 gene',2
'nerve growth factor'],2
'Glial Cell Line-Derived Neurotrophic Factor',2
'MIR183 gene',2
'Platelet-Activating Factor Acetylhydrolase IB Subunit Alpha'],2
'LMOD1 gene',2
'BIN1 gene',2
['Glial Cell Line-Derived Neurotrophic Factor',2
'Muscarinic Acetylcholine Receptor',2
'Connexin 30'],2
['GJB2 protein,2
['Protein Unc-45 Homolog A',2
'FLNB gene',2
'Lysosomal Acid Cholesterol Esterase',2
['PINK1 gene',2
'Enhancer of transcription',2
['RXFP1 gene',2
'PINK1 gene',2
'DROSHA gene',2
['KIF5A gene',2
'brain-derived neurotrophic factor',2
'Heat Shock Protein 27',2
'Protein Methyltransferases'],2
'HIV Envelope Protein gp120',2
'FMNL2 gene',2
'MRE11 gene',2
'Integrin beta Chains',2
'ANXA5 gene',2
['CD97 Antigen',2
'DEAD-box RNA Helicases',2
'CAMK2B gene',2
'alphanumeric label - 2a'],2
['PTHLH gene',2
'BICC1 wt Allele',2
'Recombinant Human Endostatin'],2
'SLC12A7 gene'],2
['Cyclic GMP-Dependent Protein Kinases',2
'HK2 gene',2
'ADAMTS6 gene',2
Opioid,2
'sulfate transporter',2
['PIEZO2 gene',2
['ERK1 and ERK2 cascade',2
'desmoglein 2'],2
'Chemokine CXCL12',2
'Thrombospondin 1'],2
'ABLIM3 gene',2
'Exoribonucleases'],2
'saccharopine dehydrogenase activity'],2
'ral Guanine Nucleotide Exchange Factor',2
'GPR149 gene',2
'LIMK2 gene',2
'CEP192 gene'],2
'SLC12A7 gene',2
'ZYX gene'],2
'ABI1 gene',2
'NTRK1 gene'],2
'KIF1A gene',2
'CAMKK2 gene',2
['cAMP-dependent protein kinase activity',2
'claudin 4'],2
['KIF1A gene',2
['ROCK2 gene'],2
'BRCA2 gene',2
'SLC34A2 gene',2
'Sodium-Phosphate Cotransporter Proteins'],2
['TECTA gene',2
'Alpha-Tectorin'],2
'RMRP gene'],2
'BRCA1 gene',2
'RBBP8 protein,2
['SLC16A2 gene',2
'DNA replication factor A complex location',2
'PKD1L1 gene'],2
['PKD1L1 gene'],2
'CTNNA1 protein,2
['Nitric Oxide Synthase Type I',2
'NF2 gene'],2
'SLC9A3R1 gene',2
'SLC26A7 gene',2
'SLC26A1 gene',2
'SLC34A2 protein,2
'phosphatidylethanolamines',2
['SLC9A3R1 gene',2
'IkappaB kinase activity',2
'Chromogranin A',2
'STK11 gene',2
'Cadherin Related Proteins'],2
'PLS1 gene',2
'PLS3 gene',2
'WASH complex',2
'Apolipoprotein E',2
'Cyclic Nucleotide-Gated Cation Channels',2
'PELP1 gene',2
'ANGPTL1 gene',2
'Glucocorticoid Receptor'],2
['Glucocorticoid Receptor',2
['MYO15A protein,2
'Measles Virus Nucleoprotein'],2
['PI4KB wt Allele',2
'protein C,2
['RAB1A gene',2
'ACTG2 gene'],2
['ACTG1 gene',2
Pair 21'],2
'UBE2H gene',2
['Coiled-Coil Domain'],2
'RFWD2 protein,2
'Globin',2
'Crystallins',2
'GID complex',2
'UBE2O gene',2
'botulinum toxin type A'],2
'TMC2 gene',2
['Guanine Nucleotide Exchange Factors'],2
['IDH1 gene',2
'ATP Citrate (pro-S)-Lyase',2
['ATP Citrate (pro-S)-Lyase',2
'IDH1 gene',2
"""2',5'-oligoadenylate""]",2
'hyaluronic acid'],2
'farnesyltranstransferase',2
['farnesyltranstransferase',2
'FRAP1 protein,2
'C9orf72 gene'],2
['CYFIP2 gene',2
'CYFIP2 gene',2
'Eukaryotic Initiation Factor-4E'],2
'Histidine Kinase'],2
'DNA replication factor C complex',2
'TMCC2 gene',2
'TBCEL gene',2
'TRIM72 gene',2
'TMOD3 gene',2
'Antitoxins'],2
['Kynurenine-oxoglutarate aminotransferase',2
'Organic Anion Transport Polypeptides',2
'Kynurenine-oxoglutarate aminotransferase'],2
'MAPRE3 gene',2
'GTP-Binding Proteins'],2
'NEUROG1 gene'],2
['MYO7A gene'],2
'EEF1A2 gene',2
'EEF1A1 protein,2
['Peptide Elongation Factor 1',2
['Claudin-2'],2
['HAS2 protein,2
'Glucose Transporter',2
'SARS-CoV-2 3C-Like Proteinase Nsp5'],2
'Immunoglobulin Subunits'],2
['dystrophin-associated glycoprotein complex',2
'CD44 protein,2
['Aurora Kinase A',2
'AURKA protein,2
['BECN1 protein,2
'PARK2 protein,2
'PRKN wt Allele',2
'PIK3C3 gene',2
'RNF2 protein,2
'MYH11 gene'],2
['SCAR complex',2
'ubiquitin-like protein binding'],2
['PPIA gene',2
'IFITM1 protein,2
'Cyclophilins'],2
'nitric-oxide synthase binding'],2
'ANK3 gene'],2
'Coiled-Coil Domain'],2
'Protein Tyrosine Phosphatase,2
'Protein Tyrosine Phosphatase'],2
'CLDN11 gene',2
'ADAM10 gene',2
'Protein Tyrosine Kinase'],2
'Connexins',2
Non-Receptor Type 6',2
'B-Cell Receptor Complex',2
'DCTN1 gene'],2
'Lymphocyte antigen CD66A',2
['BCR protein,2
'alpha-adrenergic receptor'],2
'SP100 gene',2
['Probable Transcription Factor PML',2
'MYH10 gene',2
'CLDN18 gene',2
'vacuolar H+-ATPase',2
['luteinizing hormone',2
['Annexins',2
['parathyroid hormone-related protein',2
'L1CAM wt Allele',2
'NFE2L2 gene'],2
'Macrophage-1 Antigen',2
'paxillin'],2
'ZBTB22 gene',2
'catalase'],2
['NOTCH1 gene',2
['NFE2L2 gene',2
['SAGA complex',2
'MYO15A gene'],2
'ATXN7 gene',2
'SAGA complex',2
['RNA,2
Circular',2
'ATPases Associated with Diverse Cellular Activities',2
'tat Genes',2
'Sarcoplasmic Reticulum',2
'CLIC6 gene',2
'MYO6 gene',2
['CLDN9 gene',2
'osteoblast cadherin',2
['CD4 Antigens',2
'GABA Receptor'],2
'DLK1 gene',2
['AGER gene',2
['FLNC protein,2
'collagen type I'],2
Pair 21',2
'PRKCA gene'],2
'Hepatocyte Growth Factor',2
'lymphocyte-specific protein p50'],2
'lymphocyte-specific protein p50',2
'Glycoproteins'],2
'Wiskott-Aldrich Syndrome Protein Family'],2
'endothelial PAS domain protein 1,2
['KCTD13 gene',2
'Amphiregulin',2
['DGKE gene',2
'DGKE gene'],2
['AFDN gene',2
'cytoskeletal protein binding'],2
'polycystic kidney disease 1 protein'],2
'Vascular Cell Adhesion Molecule-1'],2
['Intercellular adhesion molecule 1',2
'ZBTB7A gene'],2
'SP7 gene',2
'NIN gene',2
['FMR1 gene',2
'Ataxin-7',2
'UNC13D gene',2
'Type-I Pneumocytes',2
['ORC3 gene',2
'SLC26A3 gene'],2
'Absent inner and outer dynein arms'],2
'CGNL1 gene',2
['CGNL1 gene',2
['EMX2 gene',2
'RRM2B gene'],2
'CTGF protein,2
"[""2',3'-Cyclic-Nucleotide Phosphodiesterases""",2
['ABAT gene',2
'Leucine-Rich Repeat Proteins'],2
'Kruppel-Like Transcription Factors'],2
'TLX2 gene',2
'SP3 gene'],2
'MYBPC2 gene',2
['Troponin',2
['Nuclear Pore Complex Proteins',2
'glutathione S-transferase pi'],2
'BECN1 protein,2
'glutathione S-transferase pi',2
'Integral Membrane Proteins',2
['Phosphoric Monoester Hydrolases',2
'stress-activated protein kinase 1',2
'Recombinant Fas Ligand',2
'PIN1 gene',2
'Phosphatidate Phosphatase'],2
['Ankyrin-1',2
'Ankyrin-1',2
'LIM Domain Proteins',2
'PDLIM4 protein,2
['SYTL1 gene',2
['Formins',2
['CHD1 gene',2
'nuclear protein-containing complex'],2
['epidermal growth factor',2
'ISL1 gene',2
'Leukocytes'],2
'ranatachykinin A',2
'CAPN14 gene',2
'CAPN1 gene',2
'Calpain'],2
'FNBP1L gene',2
'SLC9A9 protein,2
sigma'],2
'F-bar domain binding',2
'SYNE1 gene',2
'FNBP1 gene',2
['TRIP10 gene',2
'emerin',2
['CAMSAP3 gene',2
'LASP1 gene',2
'Mitogen-Activated Protein Kinase Kinases',2
'RHOA gene',2
['BRAF gene',2
'BMP2 gene',2
'CAPNS1 gene',2
['MYMK gene'],2
['LPAR5 gene',2
'Claudin-18',2
'LPAR1 gene',2
'HMMR gene',2
'CD44 Antigens',2
'RHOC gene',2
['AGL gene',2
'SOST gene',2
'Sodium-Glucose Transporter 1',2
['ENAH gene'],2
'Heterogeneous-Nuclear Ribonucleoprotein K'],2
'CRISPR-Cas Loci'],2
['CRTC1 gene',2
'Adhesins,2
'RALBP1 gene',2
'NRAS gene'],2
'RAS Family Gene Mutation',2
'NRAS wt Allele',2
['NRAS gene',2
'GTPase Gene'],2
'CD151 antigen,2
'erythromycin propionate-N-acetylcysteinate',2
['ADRB3 gene',2
PAR-1'],2
'beta-arrestin 1',2
['F2R gene',2
['PCDH7 gene',2
'Panton-Valentine leukocidin'],2
'Tetraspanins'],2
'ARHGEF10 gene',2
'Cytoskeletal Proteins'],2
'CELSR1 cadherin,2
'VANGL1 gene',2
'PTK7 protein,2
Lysosphingolipid'],2
'Ganglioside GM1',2
['GBF1 gene',2
'adenylate cyclase binding',2
['KCNA5 gene',2
'ARHGAP35 protein,2
'ARHGAP35 gene',2
'ARHGAP18 gene',2
'rho GTPase-activating protein',2
'S100A4 gene'],2
'Kv1.5 Potassium Channel',2
'ARHGEF10L gene',2
'NADPH Oxidase Complex',2
'C5a Anaphylatoxin,2
['Transposase',2
'Amphiregulin'],2
['AREG gene',2
'ERN1 gene',2
'ENPP1 gene',2
['dystrophin-associated glycoprotein complex'],2
'V-Type Proton ATPase Subunit S1',2
'IMMT gene'],2
'DNA replication factor C complex'],2
'growth hormone secretagogue receptor',2
'Arrestin',2
['growth hormone secretagogue receptor',2
['NPHS2 gene',2
['KIF3A gene',2
'Laminin'],2
'INDEL Mutation',2
['C5 gene',2
'ALPL gene'],2
['LYN gene',2
['ALPL gene',2
['connexin 36'],2
'Prions',2
'PRNP wt Allele',2
'src-Family Kinases'],2
'INPP5D wt Allele',2
['cadherin 5'],2
['MBNL1 gene',2
'DSG2 gene',2
['desmoglein 2',2
'CDH6 protein,2
'GLUTATHIONE PEROXIDASE'],2
'GPX4 gene',2
'CDH1 Gene Mutation',2
'C5AR2 gene',2
'Hemolysin',2
Cardiac Muscle'],2
['BCL2L11 gene',2
['SNCG gene',2
'Shiga Toxins'],2
['deoxyribonucleases'],2
'BCL2-Related Protein 11'],2
'CDC20 gene',2
'SPOP gene',2
'KLRG1 gene',2
['CEP164 gene',2
['NFIL3 gene',2
['ATP2A2 gene',2
['TAOK2 gene',2
'Bacteroides fragilis toxin',2
['Bacteroides fragilis toxin',2
'RTF1 gene'],2
'Leucine-Rich Repeat Serine/Threonine-Protein Kinase 2',2
'CIBAR2 gene',2
'SUPT6H gene',2
'mechanistic target of rapamycin complex 1'],2
'Anoctamins',2
['ANO1 protein,2
'CapZ Actin Capping Protein',2
'CRISPR-Associated Protein 9',2
'superoxide dismutase'],2
'GLI Family Protein',2
'TSC2 gene',2
'PCNT gene',2
'TSC1 protein,2
'RHEBP1 gene',2
'PTI-125',2
'ERK1 and ERK2 cascade',2
['mechanistic target of rapamycin complex 1',2
'amphiphysin',2
'CTR9 gene',2
['hetastarch',2
'C5a anaphylatoxin receptor'],2
['RAB36 gene',2
['YAP1 protein,2
'Caveolin 3',2
'CAV3 gene',2
'histamine'],2
'Prostaglandin D2',2
['PTGES wt Allele',2
'OPTN protein,2
['FGF20 protein,2
'CDK5 gene',2
'PIWIL1 gene',2
['Cytoplasmic Dyneins',2
'Transient Receptor Potential Channels'],2
'ROS1 protein,2
['ARL2 gene',2
'Aspartyl/Asparaginyl Beta-Hydroxylase,2
['LATS1 gene',2
'ZC3HC1 gene'],2
['Creatine Kinase MB Isoenzyme',2
['Host Factor 1 Protein'],2
'plasmin'],2
'NELL2 gene',2
'Neuropilin-2',2
['Neuropilin-2',2
['guanyl-nucleotide exchange factor activity',2
'Phospholipase'],2
['AGPAT1 gene',2
'hyaluronidase',2
'PGR gene'],2
'axon guidance receptor activity',2
'TLCD5 gene'],2
'RBMS3 gene',2
'CACNA1A gene',2
'FAR/SIN/STRIPAK complex',2
'Troponin T,2
'CCDC88B gene',2
'ARPC3 gene',2
'TOP1 protein,2
'KLHL41 gene',2
'ARPC4 gene',2
'ARPC5 gene',2
'DIAPH1 gene',2
'ARPC1B gene',2
'Caldesmon'],2
'Staphylococcal Enterotoxins',2
'Ca(2+) Mg(2+)-ATPase',2
'altretamine',2
'EGLN1 gene',2
'Endothelial Cell-Specific Molecule 1',2
'Sarcomeres'],2
'SOSTDC1 gene'],2
'Microtubule Proteins',2
['Myosin-9',2
'SOSTDC1 gene',2
'Phosphoric Monoester Hydrolases'],2
'Aspartic Acid Proteases',2
'Ephrin-A3',2
EphA4',2
'NCSTN gene',2
'Receptor Tyrosine Kinase Gene Mutation',2
'PSEN1 gene',2
'APC protein,2
['Cadherin Related Proteins',2
'APC gene',2
'MAGI1 protein,2
'RAB3B gene',2
'ASIP gene',2
['occludin',2
'Tight Junctions'],2
'SOSTDC1 protein,2
['SOSTDC1 gene',2
'PSENEN wt Allele',2
['serine C-palmitoyltransferase activity',2
'Nerve Growth Factors',2
'Eotaxin',2
'ADGRE2 gene',2
'SPTLC1 gene'],2
'SUPT3H gene',2
'SPTLC1 gene',2
'Fibroblast Growth Factor 2',2
'MAST1 gene',2
'Fibroblast Growth Factor Receptors',2
'MAPK7 gene',2
'Geranyltranstransferase',2
'P-Glycoproteins',2
'Diphtheria Toxin'],2
['Myosin Heavy Chains',2
'collagen type I',2
'interleukin-4',2
'Renin'],2
'rac GTP-Binding Proteins',2
'neurotrophic factor'],2
CD25',2
'Polypeptides',2
'CD29 Antigen',2
['Mineralocorticoid Receptor',2
'PKN1 gene',2
'rhophilin (protein)',2
'interleukin-5',2
'SUMF1 protein,2
'Trinitrotoluene',2
['Clostridium difficile Toxin B Positive'],2
'CDTA',2
'Clostridium difficile Toxin Positive',2
'Esterases',2
'Ephrin A Receptors',2
'Na(+)/H(+) Exchange Regulatory Cofactor NHE-RF3',2
['Troponin T',2
'2-5A-dependent ribonuclease',2
'Neomycin resistance gene',2
['FGF8 gene',2
['TACC1 protein,2
['Marine Toxins'],2
'RNA uridylyltransferase activity',2
'asparaginylendopeptidase'],2
['EIF2AK4 gene',2
'EPB41L5 gene',2
'SSPN protein,2
['Shiga Toxin',2
'TRAPPC1 gene'],2
'TRAPPC9 gene',2
['NF-kappa B',2
'Cardiac troponin measurement'],2
['EPB41L5 gene',2
'EPB41L5 gene'],2
'NR4A2 gene'],2
['EPS8 gene'],2
'Light Meromyosin',2
"""P(1),P(5)-di(adenosine-5'-)pentaphosphate""",2
['ADENYLATE KINASE',2
['ATP13A2 gene',2
'PODXL protein,2
['PODXL protein,2
'BCL2A1 gene',2
'PRKD2 gene',2
['SOX6 gene',2
'SRSF6 gene',2
'CBR1 gene',2
['DYRK1A gene',2
'Immunoglobulin Family Gene'],2
'calcium',2
'IKBKG gene',2
['CCR4 gene',2
'AFDN wt Allele',2
'KLC1 wt Allele',2
'LRRC15 protein,2
'RNA Recognition Motif',2
'PRKD2 Gene Mutation'],2
'WT2 gene'],2
'Complement Factor I',2
['TNNI3K gene',2
'KIF11 wt Allele',2
['FLNC gene'],2
'NOS1 protein,2
'1-Phosphatidylinositol 4-Kinase'],2
'occludin',2
'TJP2 gene',2
'NECTIN2 protein,2
'HIg receptor',2
['FOXN1 gene',2
'beta catenin',2
['NF2 gene',2
'CTC1 gene',2
'HIV-1',2
['Protocadherins',2
'SNCA gene',2
'Replication Factor A Single Stranded DNA Binding Protein'],2
'DNA Primase',2
'STN1 gene',2
'Telomerase',2
'FNBP1 gene'],2
['SLC35A1 gene',2
'MIR17 wt Allele',2
'histone methyltransferase'],2
'FXR1 gene',2
['CD36 Antigens',2
['Actinin',2
'Anoctamins'],2
'growth hormone secretagogue receptor'],2
'ANLN gene',2
['NFATC2 gene',2
'RAB9A gene'],2
['DDB Chlorinated Hydrocarbons',2
'Botulinum Toxins'],2
'Shiga Toxins',2
['RAB10 gene',2
'STX1A gene',2
'Glycogen (Starch) Synthase',2
'DNASE1L1 gene',2
'ANTLEY-BIXLER SYNDROME WITH GENITAL ANOMALIES AND DISORDERED STEROIDOGENESIS',2
'BSG gene',2
['TMEM132A gene',2
'TNNC1 gene',2
Mitochondrial'],2
['DNM1L protein,2
'G-Protein-Coupled Receptors'],2
'DOK1 gene',2
'alpha-Tropomyosin',2
'MIR17 wt Allele'],2
'FZD9 protein,2
'SBF1 gene'],2
'Profilins',2
'CCDC22 gene',2
'Medium-Chain Specific Acyl-CoA Dehydrogenase,2
'RBP4 gene'],2
['Plakophilin-2,2
'Plakophilin-2,2
'ACTN4 gene',2
'beta catenin'],2
'ORF59 protein,2
'Thrombopoietin'],2
'HHV8 ORF50 Gene',2
['potassium channel protein TREK-1',2
'Thrombopoietin',2
'MKKS gene',2
'PPM1H gene',2
['Megakaryocytes',2
'snRNP Core Proteins'],2
'Pectins',2
'SCRIB wt Allele',2
'Carbonic Anhydrase IV'],2
'RRM2 gene',2
'Topoisomerase'],2
['Carbonic Anhydrase IV',2
'MYCBP2 gene',2
'ACTN4 protein,2
'Transferase'],2
['onabotulinum toxin A',2
'peptidylglycine monooxygenase activity'],2
['ANLN gene',2
['LAMP2 gene',2
['Claudin-1',2
'Rod Opsins',2
Human herpesvirus 8'],2
'Multiple Endocrine Neoplasia Type 2b',2
'VPS35L gene',2
'Claudin-1'],2
['Vinculin',2
['FMN1 gene',2
['Antitoxins',2
['DCHS1 protein,2
'VAPB gene',2
'moesin'],2
'VAPB gene'],2
'SLITRK1 protein,2
'APC2 protein,2
'phospholamban'],2
'Actinium',2
'PANX1 gene',2
'RAB21 gene',2
'purinoceptor P2Z',2
'APC2 gene',2
['rho-Associated Kinase 2',2
'Ephrins'],2
['FHL5 gene',2
'Fibrin',2
'PRMT5 gene',2
'DIAPH3 gene',2
'ROCK2 gene'],2
['protein-arginine N-methyltransferase activity',2
'Recombinant Activin',2
'VPS33B gene',2
'CCDC93 gene',2
['PANX1 gene',2
'VIPAS39 gene',2
'SLC2A2 gene',2
'Profilins'],2
'Peroxisome Proliferator-Activated Receptors'],2
"'phosphatidylinositol-3,4,5-trisphosphate 3-phosphatase activity'",2
['Cortactin',2
['IL17A gene',2
['cdc42 GTP-Binding Protein',2
'ATP7A protein,2
'ANAPC1 gene',2
'VPS26C gene',2
'Low Density Lipoprotein Receptor',2
'TAGLN gene'],2
['Wiskott-Aldrich Syndrome Protein',2
['MYH2 gene',2
'Smooth Muscle Myosins'],2
'ATP7B gene',2
'HSPD1 gene'],1
['H-NS complex',1
'FCHSD2 gene',1
'CDKN2A gene',1
'QDPR gene',1
['osteoblast cadherin',1
'Clostridium perfringens epsilon-toxin'],1
'Complement System Proteins'],1
['MicroRNA 193a-5p',1
['Desmoglein-2,1
'CLSPN gene',1
['p21-Activated Kinases',1
'Estrogen Receptor alpha',1
'Peptide Termination Factors'],1
['Marine Toxins',1
'Minus end of actin filament',1
['CLASP2 gene',1
'CLASP1 gene',1
'CLASP1 gene'],1
['LDB1 protein,1
['CCDC88A gene'],1
['beta catenin',1
'CTNNB1 gene',1
'Palladin,1
['Cardiac Myosins'],1
'Adenylate Cyclase'],1
'LDB1 protein,1
'Col4A3 protein,1
['Clathrin Light Chains',1
['ZDHHC3 gene',1
'TNF protein,1
'CHD1 gene',1
'TNFSF10 protein,1
['MAP3K7 gene',1
'Arp2/3 complex-mediated actin nucleation',1
Small'],1
'Heat-Shock Proteins,1
['Fibronectins',1
'interleukin-8',1
['Interleukin 2 Receptor',1
['carbohydrate-deficient transferrin',1
'FACT complex binding'],1
'complement component C1 complex',1
'ARPC5L gene',1
['ARPC5 gene',1
'Myelin Proteins',1
'ZDHHC9 gene',1
'Albumins',1
'Roundabout Homolog 2,1
'ROBO2 gene',1
['ROBO2 gene',1
'jasplakinolide',1
'Butyrylcholinesterase',1
'Protein Tyrosine Phosphatase Gene',1
'acetylcholinesterase',1
['Protein Tyrosine Phosphatase',1
['SPAG17 gene',1
'carbohydrate-deficient transferrin'],1
'jasplakinolide'],1
['methyl N-acetylsibirosaminide',1
'L1CAM gene'],1
['Aspartate Transaminase',1
'Aspartate Transaminase',1
'SNAI1 gene',1
'FOCAL CORTICAL DYSPLASIA OF TAYLOR',1
'Hormone Receptor'],1
['ZDHHC9 gene',1
'Interleukin-2',1
'Chaperonin 60',1
'Glucocorticoid Receptor',1
['alpha-Tropomyosin',1
'RAB6A gene',1
['P-Cadherin',1
'CDH3 gene',1
['High Affinity Nerve Growth Factor Receptor,1
'High Affinity Nerve Growth Factor Receptor,1
'Phosphatidylinositol Transfer Proteins',1
['Fibrin',1
['PDGFRA gene',1
'flotillins'],1
'carbohydrate-deficient transferrin',1
['ERC1 protein,1
'Chloramphenicol O-Acetyltransferase',1
['lactate 2-monooxygenase',1
'FOCAL CORTICAL DYSPLASIA OF TAYLOR'],1
['TRIO wt Allele',1
['succinylated wheat germ agglutinin',1
'CST1 gene'],1
'Interleukin 2 Receptor'],1
'C4orf3 gene'],1
'GPNMB gene',1
'Immunoglobulin Subunits',1
'interleukin-2 receptor beta',1
'POLK gene'],1
'DNA Repair Gene',1
'DNA polymerase theta',1
'SHLD2 gene',1
'DNA2 gene',1
'POLK gene',1
['bleomycin',1
['desmoglein 1',1
'IL2RG protein,1
'CD122 Antigens',1
'IL2RA protein,1
'IL2RG gene',1
['ZEB1 gene',1
'Short Hairpin RNA'],1
'Clostridium perfringens epsilon-toxin',1
'Blood group antigen V',1
'FZD3 protein,1
'Killer-Cell Immunoglobulin-Like Receptor',1
'ras Guanine Nucleotide Exchange Factors',1
'FLNB gene'],1
['RHO gene'],1
'NECTIN2 wt Allele',1
'Nectin-2',1
'alpha-Actinin',1
'poliovirus receptor',1
'PDZK1 gene',1
'PVR protein,1
'BLOC1S4 gene',1
['GOLPH3 gene',1
['Glycosylated hemoglobin A',1
'CSRP3 gene',1
['Major Histocompatibility Complex',1
'cell-cell adhesion mediator activity',1
'SPP1 gene',1
'cyclonite',1
'phospholipid-translocating ATPase complex',1
['KL protein,1
'PLXNA1 gene'],1
['phospholipid-translocating ATPase complex',1
['KLF4 protein,1
'nectin-3',1
'NEO1 gene',1
['IL13RA2 gene',1
'RALB Protein'],1
'fostriecin',1
['Myosin Light Chains'],1
'SNX4 gene',1
'TJP3 gene',1
'Cell Adhesion Receptor Gene',1
'SNX1 gene',1
'KMT2A gene',1
'KMT2A Fusion Positive',1
'CTNNA1 gene',1
'AFDN gene'],1
'DNM1L gene',1
Clostridium difficile',1
'GCLC gene',1
'Globin Gene'],1
'Clostridium difficile Toxin B Positive',1
'Clostridium difficile Toxin B Positive'],1
'immunoglobulin G'],1
['TRPC5 gene'],1
['toxB protein,1
'Transcobalamin',1
'syntrophin',1
'glycosyltransferase'],1
['ADAR gene',1
'TP73 gene',1
'STAT1 gene',1
['ATG7 gene',1
'Intestine Alkaline Phosphatase',1
'MYO1E wt Allele',1
'AP1 complex',1
'Kelch-Like ECH-Associated Protein 1',1
'naringenin',1
'ARHGAP42 gene',1
['CGN gene',1
'Toxic shock syndrome toxin-1 (TSST-1)'],1
'Toxic shock syndrome toxin-1 (TSST-1)',1
['ESRRB gene',1
'RHOA wt Allele'],1
'DTNA gene',1
'MD1 Plant Extract',1
'P-type ATPases'],1
['CLPB gene',1
'Plakophilins'],1
'plakoglobin',1
['fibronectin binding protein A',1
'fibrinogen binding',1
['ESRP2 gene'],1
['ARHGAP26 gene',1
'bone morphogenetic protein 2',1
RhoGEF and PH Domain-Containing Protein 4',1
'BMP2 wt Allele',1
'HRAS NP_005334.1:p.G12D',1
'FOXO1 gene',1
'Sarcoplasmic/Endoplasmic Reticulum Calcium ATPase 2',1
'DNA-Binding Protein RFXANK,1
['ANK1 gene',1
'K-ras Oncogene',1
'Diaphanous-Related Formins',1
'KIF1C gene',1
'KAT2B gene'],1
'ADAM22 gene',1
'Protein Argonaute-1',1
'MAZ gene',1
['Protein Argonaute-1',1
'plasma membrane copper transporter'],1
'SLC6A3 protein,1
'SEC16A gene',1
'TNNT2 wt Allele',1
'MAP kinase kinase kinase activity'],1
'Amyloid beta-Peptides',1
['Neuregulin 1',1
'Neuregulin 1'],1
'PTPRQ gene',1
'TPRN gene',1
'RDX gene',1
AUTOSOMAL RECESSIVE 103',1
'TPPP3 gene',1
'IL12A gene',1
'interleukin-9',1
'HRAS gene',1
'ACTR3 gene'],1
'Spinocerebellar Ataxia Type 4',1
['NR3C1 gene',1
'G-Actin'],1
'Estrogen Receptors',1
['Endoplasmic Reticulum',1
'Anthrax toxin edema factor',1
'Actin-Related Protein 3'],1
'KIF2C gene'],1
'bone morphogenetic protein 2'],1
'ATG16L1 gene',1
['ACVR2B gene',1
['Prominin-1,1
['EPHA4 gene',1
['MAPK15 gene'],1
['PCDH12 gene',1
'Wiskott-Aldrich Syndrome Protein'],1
'FPR1 protein,1
['ADAM10 gene',1
'MYH4 gene',1
['VASP gene',1
['STX7 gene',1
'R-SNARE Proteins',1
['ubiquitin-protein ligase',1
'Qa-SNARE Proteins',1
'Sorting Nexins'],1
'FYVE,1
'SMAD7 gene',1
'GDF8 protein,1
'ASPM gene'],1
['SASS6 gene',1
'ADAM23 gene',1
['MARK2 gene',1
'FOS wt Allele',1
'LGI1 protein,1
'Myosin-9'],1
['PTP4A3 gene',1
['ATP2A1 gene',1
'ATP2A1 gene',1
'epinephrine'],1
'TRIO wt Allele',1
['dihydrofolate reductase activity',1
'FPGS gene'],1
'Chloride Anion Exchanger'],1
'axonemal dynein complex',1
'MAP Kinase Kinase Kinase 1',1
['APPL1 gene',1
'SPTBN2 gene',1
'contactin',1
'Cytoplasmic microtubule',1
'Chloride Anion Exchanger',1
['CLDN1 gene',1
'Glutaryl-CoA dehydrogenase'],1
'Acyl CoA Dehydrogenases',1
'PASD1 gene',1
'Oxidoreductase',1
'DHTKD1 gene',1
['Glutaryl-CoA dehydrogenase',1
'Plakins',1
['TULP3 gene',1
['Zonula Adherens',1
'AIF1 gene',1
'Immunoglobulin Heavy Chain Complementarity Determining Region 3',1
['CX3CR1 protein,1
'UBAP1 gene'],1
'TFG gene',1
'Catenin Delta-1',1
'casein kinase I'],1
'chloride transport'],1
['NHE1 Antiporter',1
'WNT7A gene',1
['ALANINE AMINOPEPTIDASE',1
'urokinase',1
'Serpin Superfamily',1
'zometa',1
'Zonula Adherens',1
'Thioredoxins',1
['ribonucleoside-diphosphate reductase activity',1
'USP9X gene'],1
'SPEN protein,1
['CNTNAP1 protein,1
'MAPK15 gene'],1
['ADCY9 protein,1
'NADPH Oxidase 5'],1
'NOX5 gene',1
['Protocadherins'],1
'perforin'],1
['SLC6A14 gene',1
'DCSTAMP gene',1
'casein kinase I',1
'NOTCH1 gene'],1
'Receptor Protein-Tyrosine Kinases'],1
'Neuropeptides'],1
'Urotensins',1
['RSU1 gene'],1
'Amino Acid Motifs',1
'MTPN gene',1
['Actin Capping Proteins',1
'AMOT protein,1
'CHMP3 gene',1
'Endosomal Sorting Complexes Required for Transport',1
'ras Proteins'],1
'VPS4A gene',1
'NEDD4L gene',1
['AMOT protein,1
['IFT20 gene'],1
['Prostaglandins',1
'Claudin-2'],1
'MYOD1 gene',1
['Ephrin-A5',1
'FERMT1 gene',1
'RANBP2 gene',1
'Cyclins',1
'cargo receptor ligand activity',1
['Cyclin-Dependent Kinases',1
'connexin 36',1
'GRIN1 gene',1
'GRIN2B gene',1
['N-Methyl-D-Aspartate Receptors',1
'Organic Anion Transporters'],1
'Multidrug Resistance-Associated Proteins',1
'Peroxisome Proliferator-Activated Receptors',1
'ABCC4 gene',1
'ORNITHINE CARBAMOYLTRANSFERASE',1
'Hydroxymethylglutaryl-CoA reductase',1
['Multidrug Resistance-Associated Proteins',1
'ARHGEF15 gene',1
['ARHGEF15 gene',1
'LRRC25 gene',1
'geranyl pyrophosphate',1
'RANBP2 protein,1
'urokinase'],1
'intraciliary transport particle A',1
'APLP2 gene',1
'SLC9A3R2 gene',1
'Immunoglobulin Light Chains',1
'clustering of voltage-gated calcium channels'],1
'Nogo Receptor 2',1
Pyrin Domain-Containing 3 Protein',1
'NLR Family,1
['Troponin I',1
'Protein Unc-45 Homolog A',1
['myosin VIIa',1
'Amino Acids',1
['pericentrin',1
['BICD2 gene',1
['ACTA1 gene',1
'Basic Helix-Loop-Helix Transcription Factors'],1
'OLIG1 gene',1
['MYRF gene',1
'Cyclin-Dependent Kinase 5',1
'ACTC1 gene'],1
'Heat-Shock Proteins 70'],1
'ITGA9 gene',1
['ROCK1 gene',1
'FXYD5 gene',1
'hyaluronic acid',1
['SLC9A3 gene'],1
'PKD1 wt Allele'],1
'ubiquitin-specific protease'],1
'Polymerase',1
'vasodilator-stimulated phosphoprotein',1
['vasodilator-stimulated phosphoprotein',1
['HSF1 gene',1
'BAI2 protein,1
['BAI2 protein,1
'BCL2-Related 2 Protein',1
['Myosin Heavy Chains'],1
'HOMER1 gene',1
'GPHN gene',1
'SRGAP2 gene',1
['SRGAP2C gene',1
'Dystroglycans'],1
['GMPPB gene',1
'chaperone complex',1
['BAG3 gene',1
'tubacin'],1
'MUC1 gene',1
['LGALS3 gene',1
'Mitochondrial Trifunctional Protein'],1
'Mitochondrial Trifunctional Protein',1
['Mitochondrial Proteins',1
'phosphatidylinositol 4-phosphate',1
['PI4KA gene',1
'GIT1 protein,1
'BCLAF1 protein,1
['SMAD9 gene',1
'PDGFB gene'],1
"'phosphatidylinositol-3,4,5-trisphosphate binding'",1
'Geranylgeranyl-diphosphate geranylgeranyltransferase',1
['SSH1 protein,1
'Tenascin,1
'HIPK4 gene'],1
'pericentrin'],1
'PLK1 gene',1
'Streptonigrin',1
'MUC-1 Peptide Vaccine',1
'dornase alfa',1
'LGALS3 gene'],1
'Myelin Basic Proteins',1
'glycosylase'],1
'DNA glycosylase',1
'FLJ10858 protein,1
['DNA glycosylase',1
'GPC4 gene'],1
'glypican 4',1
'WNT5B gene',1
['GPC4 gene',1
'RHOQ gene',1
'LZTS1 protein,1
'ANK3 gene',1
['SHANK3 gene',1
'Dimethylallyltranstransferase',1
'Nicotinamide N-Methyltransferase'],1
['Nicotinamide N-Methyltransferase',1
'serine C-palmitoyltransferase activity',1
'FOXM1 gene'],1
'proto-oncogene proteins pim'],1
'ABI2 gene',1
'Eukaryotic Initiation Factor-2',1
'Optic Atrophy 1',1
'Autoreceptors'],1
'SH3 Domain',1
['PDLIM2 gene',1
'RAP1GAP gene',1
['Podocytes',1
'SOX9 gene'],1
'Eukaryotic Initiation Factor-4F',1
'Methionine-tRNA Ligase',1
['PIM1 gene',1
['TGIF2 gene',1
'replicase'],1
'replicase',1
'Transcriptase',1
'RNA-directed RNA polymerase activity',1
['RNA-Directed RNA Polymerase',1
'CDC42 gene'],1
['VASP gene'],1
'MFN2 gene'],1
'SNCA gene'],1
'Cytochrome c Reductase',1
['PRF1 gene',1
'co-receptor binding',1
'ROR - Message structure',1
['ADGRE2 gene',1
'DVL3 gene',1
['ROR2 protein,1
['LTBP2 protein,1
['Dystrophin-Associated Protein Complex',1
'PCDH19 gene'],1
['PCDH19 gene',1
'casein kinase',1
'NCF1 gene',1
'WHAMM gene',1
'JMY protein,1
'Phosphatidylinositol 3-Kinase Catalytic Subunit Type 3,1
'AP5B1 gene',1
'TFAP4 gene',1
['Polypeptides',1
'JNK Mitogen-Activated Protein Kinases'],1
'Defensins',1
['HDAC3 gene',1
'ADGRE2 gene'],1
'ASPM gene',1
['ASPM protein,1
'LCN2 gene'],1
'leukemia inhibitory factor receptor',1
'LIFR gene',1
'LCN2 gene',1
['leukemia inhibitory factor receptor',1
'CREB1 gene',1
'UFL1 gene',1
'DNA Modification Methylases'],1
['LRRC15 protein,1
'Spinocerebellar Ataxia Type 5',1
['Pectins'],1
['Pectins',1
'Pectins'],1
'Endothelin',1
'APLP1 gene',1
['ARVCF gene',1
['PTAFR gene',1
'CDH1 gene'],1
'CD97 Antigen',1
'Fertilins'],1
'Metalloproteases',1
'EHD1 gene',1
'ADAM17 gene',1
'sortilin',1
'Endothelin-1'],1
'HIF1A wt Allele',1
'PIEZO1 gene',1
['Endothelin-1',1
'Arginyltransferase',1
'viral transcriptional complex',1
['ACTB gene',1
['4-hydroxybenzoate octaprenyltransferase activity',1
'PTAFR gene'],1
'Laminin Receptor',1
Bacterial',1
'67 kDa Laminin Receptor',1
'MLC1 gene',1
'DVL1 protein,1
'adenosine monophosphate',1
'EIF2AK4 gene',1
'Ca(2+)-Transporting ATPase'],1
'Sodium Chloride Symporters'],1
'epithelial sodium channel',1
'Chloride-Bicarbonate Antiporters',1
'SLC12A3 gene',1
['SLC12A1 gene',1
'GRB2 gene',1
LH'],1
LH',1
CD24',1
['Antigens,1
'Keratin-Associated Proteins'],1
'Intermediate Filament Proteins',1
['Cytokeratin',1
'ESRP2 gene'],1
'ESRP2 gene',1
'MUSK protein,1
['SUI1 protein,1
['Type I Secretion Systems'],1
'KLF6 gene'],1
['Polycomb Repressive Complex 2',1
'Fumarate Hydratase'],1
['Fumarate Hydratase',1
Z-Form'],1
'DNA,1
['Thrombospondin 1',1
['Steroidogenic Factor 1',1
'LGR5 gene'],1
'LGR5 gene',1
'Rap Guanine Nucleotide Exchange Factor-Like 1,1
['AVPR2 gene',1
['RAP1B gene',1
'SPTBN1 gene',1
'PRICKLE1 gene'],1
'Nonmuscle Myosin Type IIB',1
'Polycomb Repressive Complex 2'],1
'Histone H3 Trimethyl Lys28',1
'EED gene',1
'FHL1 gene',1
['Clostridium difficile Toxin B Positive',1
'germanium',1
'S100A6 gene',1
'Janus kinase 2',1
'JAK2 NP_004963.1:p.V617F',1
['JAK2 NP_004963.1:p.V617F',1
'FAT4 gene',1
['FAT1 gene',1
'Calcitonin Gene-Related Peptide',1
'dornase alfa'],1
['Epigen',1
Drosophila',1
['moira protein,1
'TEV protease'],1
'TEV protease',1
'Activins',1
'ACVR1 protein,1
'syndecan',1
['SDC1 gene',1
'membrane protein complex',1
'S100A10 gene',1
'aquaporin 5',1
'Protein Phosphatase 2A Regulatory Protein'],1
'S100A5 gene',1
'Protein Phosphatase 2A Regulatory Protein',1
['myosin phosphatase',1
'Nuclear Export',1
'PARP1 gene',1
'MYC gene',1
'ENL Protein',1
'SMARCA5 gene',1
'BOD1L1 gene',1
'Striated muscle thick filament'],1
'myosin-heavy-chain kinase',1
'PKCzeta',1
'myosin heavy chain kinase activity',1
'IQGAP2 gene',1
'FHL3 gene',1
'Crystallins'],1
'STXBP2 Gene Mutation',1
'S100 Proteins',1
'Low intestinal alkaline phosphatase'],1
'axonemal dynein complex assembly'],1
'plY protein,1
'ARHGAP30 gene',1
'RRM2 gene'],1
'WNK1 gene',1
['Proto-Oncogene Proteins c-sis',1
'Interferon-Induced GTP-Binding Protein Mx1'],1
'Cyclophilin A',1
['Interferon-Induced GTP-Binding Protein Mx1',1
'Metalloproteases'],1
'fibrillin',1
['USP17L2 gene',1
'integrin complex',1
'fibrillin-2',1
['fibrillin-1',1
'Muscle Proteins',1
'MIR145 gene',1
Staphylococcus aureus'],1
'RNAIII,1
'WAC wt Allele',1
'WNK1 protein,1
'Proto-Oncogene Proteins c-sis',1
'RASD1 gene'],1
'Adaptor Protein Complex 1',1
'ADCY10 gene',1
'NUP214 gene',1
'TET2 gene',1
'IMPDH2 gene'],1
'IMPDH1,1
'IMPDH2 gene',1
'cytoplasmic linker protein 170'],1
'FMR1 gene',1
['MKI67 gene',1
['cytoplasmic linker protein 170',1
'Vasopressin Receptor'],1
'Immunoglobulin Heavy Chains',1
'Fragile X Mental Retardation Protein'],1
'TRAF3 wt Allele,1
['cullin-3,1
'SCF ubiquitin ligase complex',1
'N-Acetylmuramoyl-L-alanine Amidase',1
['Type I Secretion Systems',1
'KLC1 gene'],1
'milk fat globule'],1
'Myosin-IIIa',1
['PRKD1 gene'],1
'WAS protein,1
['Replication Factor A Single Stranded DNA Binding Protein',1
'Flagellin',1
['CASP8 protein,1
['HDAC6 gene',1
'Integration Host Factors',1
'filamin binding'],1
['MFGE8 protein,1
'AIM2 gene'],1
'fibrillin-1'],1
'calmodulin-dependent protein kinase activity'],1
['Nickase',1
'CRIP3 gene'],1
'CRIP3 gene',1
['MTOR gene',1
'Huntingtin Protein',1
mu'],1
'SLC26A4 gene',1
mu',1
'Protegrin',1
['GAG Gene',1
'ZNF362 gene',1
['Nonmuscle Myosin Type IIB',1
['TTC21B gene'],1
'sulfate transporter'],1
'TRAF3 gene',1
'DRD2 gene',1
['sulfate transporter',1
'Host Factor 1 Protein'],1
['ARHGAP42 gene',1
['FMN2 gene',1
'DUX4 protein,1
'1-palmitoyl-2-docosahexaenoyl-sn-glycero-3-phosphocholine',1
'SUMO-1 Protein'],1
'ADCY10 gene'],1
'ADCY9 protein,1
'niobium'],1
'HEXOKINASE',1
'protein phosphatase 6',1
'RAB40B gene',1
'RAB40C gene',1
['Cullin Proteins',1
'Poly Adenosine Diphosphate Ribose',1
'Phosphoribosyl Pyrophosphate',1
'6-Phosphofructokinase',1
'dopamine hydrochloride'],1
'CISH protein,1
'MAP Kinase Kinase Kinase 3',1
'SIRT6 gene',1
'PDE6B gene',1
['SIRT6 gene',1
'LIM Domain Proteins'],1
'Heterogeneous-Nuclear Ribonucleoproteins',1
'Prolow-Density Lipoprotein Receptor-Related Protein 1'],1
'Ran small monomeric GTPase activity',1
'ubiquitin ligase complex'],1
['ZNF280A gene',1
['PDCD1 protein,1
'NURF',1
'Ankyrin Repeat Domain-Containing Protein 11,1
['PIAS1 protein,1
['ELP1 gene'],1
'Extracellular Matrix',1
'ACPP Antibody',1
'PDCD1 protein,1
'USH2A gene'],1
['Cyclic AMP-Responsive DNA-Binding Protein',1
'Pyruvate Kinase'],1
'RCE1 gene',1
['COBL gene',1
'activin complex',1
['MIR21 gene',1
'CREB1 protein,1
'Pyruvate Dehydrogenase Acetyl-Transferring Kinase',1
['DEAD-box RNA Helicases',1
'CAV1 protein,1
['TNF receptor-associated periodic fever syndrome (TRAPS)',1
'ARF6 gene'],1
'cystine',1
'CYS1 gene',1
['PKHD1 gene',1
'TNFSF11 protein,1
'Insulin-Like Growth Factor I',1
'RAB20 gene'],1
['rab GTP-Binding Proteins',1
'VGLL2 gene',1
'MMP2 gene',1
['NCOA2 gene',1
'Tumor Necrosis Factor Receptor'],1
'Tumor Necrosis Factor Receptor',1
['bone morphogenetic protein receptor type II',1
['Multiple Endocrine Neoplasia Type 2b',1
'Lamr1 protein,1
'RNF213 gene',1
'cystatin E protein'],1
'AURKB gene',1
'DUX4 gene',1
'WASL gene'],1
'outer membrane protein complex'],1
'Interferon Receptor',1
'Sodium-Glucose Transporter 1'],1
'SLC5A2 gene',1
['TNNT2 gene',1
['KIF5A gene'],1
['ENPP1 gene',1
'WASL wt Allele',1
'Zonula Adherens'],1
['fibroblast growth factor 21',1
['LRP1 gene',1
'Homeodomain Proteins',1
'SOX Transcription Factors',1
'IRX3 gene',1
'IRX5 gene',1
['IRX3 gene',1
['CD23 Antigen',1
'lytic transglycosylase activity'],1
['muramidase',1
'Tropomyosin Alpha-3 Chain Isoform 2,1
'Leucine-Rich Repeat Proteins',1
['MYH3 gene',1
'CDK19 gene'],1
'CDK8 protein,1
['CDK19 gene',1
'Filaggrin Proteins',1
['Filaggrin Proteins',1
'Podocytes',1
'nebulin',1
'Isoactin',1
'ACTB gene',1
'beta-Actin',1
['CatSper complex'],1
'Neprilysin',1
'Endosomal Sorting Complexes Required for Transport'],1
['Cytochrome c Reductase'],1
['MIR17 wt Allele',1
'FHOD1 gene',1
'Actomyosin Adenosinetriphosphatase',1
Notch1',1
'ADP-Ribosylation Factors'],1
'MAGEA2 gene',1
'Mannosyltransferases',1
'phosphatidylserine flippase activity',1
'dolichyl-phosphate-mannose-protein mannosyltransferase activity',1
'sphingolipid floppase activity',1
['AKR1B10 gene',1
'DLL4 gene',1
['AMP-Activated Protein Kinases',1
['CH domain binding',1
'Fascin'],1
'actin filament bundling proteins',1
'FSCN1 protein,1
['FSCN1 protein,1
'Glycogen-Synthase-D Phosphatase'],1
'KRAS NP_004976.2:p.G12D',1
['TPM1 gene',1
['GLI1 gene',1
'FOXP3 gene'],1
'Erythropoietin'],1
'SKAP2 protein,1
'Leukocytes',1
['SKAP2 protein,1
['Erythropoietin',1
'Calcium/calmodulin-dependent protein kinase',1
'Cyclic GMP-Dependent Protein Kinases',1
['Cyclic AMP-Dependent Protein Kinases',1
'CBY3 gene',1
'Vesicle-Associated Membrane Proteins'],1
['CIBAR1 gene',1
['NDEL1 gene',1
'NRXN1 gene'],1
['NRXN1 gene',1
'CLDN23 gene',1
'Long Intergenic Non-Protein Coding RNA',1
'Clathrin Light Chains'],1
'SKAP2 gene',1
['PTCH1 protein,1
'KIF17 gene',1
'protein transport along microtubule'],1
'CHD8 gene'],1
'SCN2A gene',1
'CHD8 gene',1
['Interferon Regulatory Factor 8',1
'ZBTB32 gene',1
'Interferon Regulatory Factor 8'],1
['Coat Protein Complex I'],1
['KRAS wt Allele',1
'CDON gene',1
'STAG1 gene',1
'Zyxin'],1
['Vesicle-Associated Membrane Protein 1',1
'STK17B gene',1
['STK17B gene',1
'SHH gene'],1
'SHH gene',1
'ARHGEF25 gene'],1
'CIBAR2 gene'],1
'CDHR1 gene'],1
'Axin Signaling Complex'],1
'TIMP3 gene'],1
'ARHGAP5 gene',1
['Proton-Translocating ATPases',1
'Small Nuclear Ribonucleoproteins'],1
['BCL2/Adenovirus E1B 19kd Interacting Protein 3-Like',1
'Desmogleins',1
['Desmoglein-1,1
'Autosomal Recessive Polycystic Kidney Disease'],1
'HMMR protein,1
'melphalan flufenamide',1
'FMNL1 gene',1
'semaphorin receptor complex',1
'WISP2 protein,1
['PLK4 gene',1
['Wnt Proteins',1
'rac1 GTP-Binding Protein',1
['PAK1 gene'],1
'Tumor Necrosis Factors'],1
'PPAR gamma',1
'Tamm-Horsfall protein'],1
'AICDA gene',1
['CDHR1 gene',1
['CD31 Antigens',1
['HMMR protein,1
'SUMO1 gene'],1
'RASD2 gene',1
['SUMO1 gene',1
Member 1',1
'Tumor Necrosis Factors',1
'Solute Carrier Family 12,1
'SLC12A1 gene',1
'PFN1 gene'],1
['JTB protein,1
'WASHC4 gene'],1
'Partitioning Defective 3 Homolog',1
'Virulence Factors',1
CD98 Light Chains',1
'TAPBP protein,1
['amphiphysin',1
'TTC21B gene'],1
'ZBTB22 gene'],1
['deoxyribonucleases',1
'ANK1 gene',1
['Pyruvate Oxidase',1
['GRHL3 gene',1
'GRHL3 gene',1
'GLI2 protein,1
'MYOZ1 gene',1
['ZBTB22 gene',1
['SYNE2 gene',1
'claudin 4',1
'sodium',1
'radixin protein',1
'SLC9A3R1 protein,1
'Protein Phosphatase 2A',1
'Calcium-Sensing Receptor',1
'Ankyrin-1'],1
['Dynamin 2',1
'PPARGC1A protein,1
'Cadherin-23'],1
'PKHD1 gene'],1
'Genes,1
Immunoglobulin'],1
'STX2 gene'],1
'CFL1 gene'],1
['CFL1 protein,1
'DCHS1 protein,1
['SMN1 gene',1
'SEC13 gene',1
'PACSIN2 gene',1
['KIF15 gene',1
'PORCN gene',1
'TPX2 protein,1
['Shiga Toxins',1
'kinesin motor activity'],1
'COPII vesicle coat',1
'Lamin Type B',1
['Apolipoprotein E4',1
'USP8 gene',1
'Apolipoprotein E4',1
['CAPZA2 gene',1
'Nidogen',1
'PLXDC1 gene',1
'PLXDC1 gene'],1
['NEDD4L gene',1
'NEDD4 gene'],1
['DHTKD1 gene'],1
'WWOX gene',1
'Filamins'],1
'Shiga Toxin'],1
'Focal Adhesion Kinase 1'],1
['TUT4 gene',1
'TUT7 gene',1
'nucleotidyltransferase',1
'Alkaline Phosphatase'],1
'Amanitins'],1
'Alkaline Phosphatase',1
'Polypyrimidine Tract-Binding Protein',1
'SERPINF1 gene',1
['Proto-Oncogene Proteins c-akt',1
['trichloroethylene',1
'VAPA gene',1
['OSBPL3 gene',1
['Cyclic GMP',1
['ZBP1 gene'],1
'LORICRIN gene',1
'saccharopine dehydrogenase activity',1
['saccharopine dehydrogenase (NAD+,1
['SARS-CoV-2',1
['ABL1 gene',1
'ACE2 gene',1
'spike protein,1
SARS-CoV-2',1
['MRC1 gene',1
'mannose receptor',1
'MRC1 gene',1
'MRC1 gene'],1
['L-Selectin',1
'Engulfment and Cell Motility Protein 1',1
'ALPL gene',1
'NF-AT',1
'HPS1 gene'],1
['GSK3B protein,1
'GSK3B protein,1
['PACSIN2 gene',1
['Profilins',1
'T-Cell Receptor'],1
['cysteine and glycine-rich protein 3',1
'MYC gene'],1
['HPS1 gene',1
'HAS2 gene',1
'MUC16 gene',1
'cysteine and glycine-rich protein 3',1
'c-myc Genes',1
['HAS2 gene',1
'NF-AT'],1
'Cardiotoxins'],1
'STRN gene',1
['STRN gene',1
'L-Selectin',1
'CHST3 gene',1
['Blood group antigen N',1
'CD9 gene'],1
['Alkaline Phosphatase',1
'caspase-5',1
'TPM2 gene'],1
'PITX1 gene',1
'kinetin'],1
['Septins'],1
'B3GAT3 gene',1
'Virulence Factors'],1
'MYO7A gene',1
['SOCS1 gene',1
['TMIE gene',1
'SOCS1 gene'],1
'CHST14 gene',1
['Ryanodine Receptor 1',1
'Protein or Riboprotein Complex'],1
'insulin-like growth factor 2'],1
'DNASE1 gene',1
'KLC2 gene',1
'MSN gene',1
'Myosin Regulatory Light Chain',1
['RUVBL1 gene',1
'RUVBL2 gene',1
'axonemal dynein complex assembly',1
'PRRX1 gene',1
['KLC1 gene',1
'KLC4 gene',1
'caspase-3'],1
'KLC2 gene'],1
'DIO2 gene'],1
['neuropeptide Y',1
'neuropeptide Y'],1
'DIO2 gene',1
'MSN gene'],1
'CDH5 gene',1
['FXR1 gene',1
['caspase-3',1
TIE-2',1
'FEV gene',1
Streptococcus pneumoniae'],1
'Syndecan-4',1
'ACE2 gene'],1
'Measles Virus Nucleoprotein',1
['LOXHD1 gene'],1
['AURKA protein,1
'Blood Platelets'],1
['calmodulin-dependent protein kinase II',1
'MYMK gene'],1
'DKK1 gene',1
'Gastric Inhibitory Polypeptide',1
'CAMK2A gene',1
'calmodulin-dependent protein kinase II'],1
'Pleckstrin Homology Domains'],1
'scavenger receptor',1
['MYMX gene',1
'TNF gene',1
['Microtubule-Associated Proteins',1
['insulin-like growth factor 2',1
['pyruvate dehydrogenase (acetyl-transferring) kinase activity',1
'Connexins'],1
'ribonucleoside-diphosphate reductase complex',1
'intraciliary transport'],1
'Fimbrin'],1
['Desmocollins',1
'Ephrin-A',1
'BAG3 gene',1
'RSU1 gene'],1
'TRPV1 gene'],1
['Phosphorylation',1
'proto-oncogene protein c-crk',1
'CRK gene',1
'MAP4K3 gene'],1
['Prions',1
'KIF5C gene',1
'Prions'],1
'alpha-Synuclein'],1
['SNAPIN gene',1
['Cytokeratin 18',1
'TRPM8 gene',1
'KRT18 gene',1
'Cytokeratin 18'],1
['SNCA gene',1
'Tyrosine 3-Monooxygenase',1
'Angiopoietins',1
'Tyrosine 3-Monooxygenase'],1
'Methyltransferase'],1
['water channel',1
['THBS1 gene',1
'Vasopressin Receptor',1
'Ribosomal Protein S6 Kinases,1
90-kDa',1
'RPS6KA1 gene',1
'Arginine Vasopressin-Neurophysin II Preproprotein',1
['IFT140 gene',1
'Thrombospondin 1',1
'NAD-dependent protein deacetylase activity',1
['PRKD2 Gene Mutation',1
['Type II Secretion Systems',1
'PIWIL2 gene',1
'CA1 gene',1
['CA1 gene',1
['CELSR1 cadherin,1
'KASH5 gene'],1
['MEIOB gene',1
'MOV10L1 gene',1
AUTOSOMAL DOMINANT 16',1
'GABARAPL2 gene',1
['ERN1 gene',1
['ARHGEF1 wt Allele,1
'RNA Helicase'],1
'Histone-Lysine N-Methyltransferase',1
'PRDM6 gene',1
['Protein Unc-119 Homolog A',1
'SLC2A1 gene'],1
'ARL8B protein,1
'NUMBL gene',1
'XBP1 gene',1
['Long Intergenic Non-Protein Coding RNA',1
'carbapenemase',1
'Antitoxins',1
AUTOSOMAL RECESSIVE 27',1
'Adenosine Diphosphate',1
'MYO5A gene'],1
'CAD gene',1
['SNAP29 gene',1
'porin'],1
'Penicillin-Binding Proteins',1
['NUMB gene',1
['Penicillin-Binding Proteins',1
'Neural Cell Adhesion Molecules'],1
'Neural Cell Adhesion Molecules',1
['CD56 Antigens',1
'ZYX gene',1
['ZYX gene',1
['PLEKHA7 gene',1
'biotin',1
'CKAP5 protein,1
['L1CAM gene',1
'KCNJ4 gene',1
['saccharopine dehydrogenase activity',1
'MYH7B gene',1
'Nuclear Hormone Receptors'],1
'Nuclear Hormone Receptors',1
'KCNJ12 gene',1
['CDC42BPA protein,1
'Cdc42 GTPase complex'],1
'non-muscle myosin',1
['KCNN4 gene',1
'14-3-3 Proteins',1
'F3 gene'],1
'Sarcoplasmic Reticulum'],1
'phospholemman',1
'TEA Domain Transcription Factors',1
['RIPK4 protein,1
'Apolipoprotein E'],1
['MYH7B gene',1
['botulinum toxin type A',1
'PIEZO1 gene'],1
['Galectin 3',1
'Deacetylase',1
'ARL3 gene',1
['SUMF1 gene',1
'PTBP1 gene'],1
'PTBP1 gene',1
['CLTC gene',1
'Cyclin B',1
'HIP1R gene',1
'botulinum toxin type E',1
'muscle myosin complex',1
'Tail of myosin'],1
['KIF1C gene'],1
'RAB34 gene',1
'Neuronal Calcium-Sensor Proteins',1
['Neuronal Calcium-Sensor Proteins',1
'Diphtheria Toxin',1
['STYXL1 gene',1
'MAPK14 gene',1
'iron',1
'CLDN6 gene',1
'Hepatocyte Nuclear Factors'],1
['AQP4 gene',1
'CCR5 gene',1
'CXCR4 gene',1
'SHH protein,1
'CCR5 protein,1
['claudin 6',1
['aquaporin 5'],1
'RAB27B gene',1
'SLK gene',1
['NOX4 gene',1
'CLDN9 gene',1
'Inosine Dialdehyde',1
['ARHGEF17 gene',1
['Dopamine Receptor',1
'Dopamine Receptor'],1
['Hepatocyte Nuclear Factors',1
'RAB27A gene',1
['TJP1 gene',1
'histone deacetylase 6',1
['LCP1 gene',1
'LCP1 wt Allele',1
'N-acetylgalactosaminoglycan deacetylase activity'],1
['MYCT1 gene',1
'TJP1 gene'],1
'metavinculin'],1
['latrunculin B',1
'histone deacetylase 6'],1
['INPP5B gene',1
['Cardiac troponin I'],1
['TINF2 gene',1
['IGSF9B gene',1
'neuroligin 2'],1
['CEBPZ gene',1
'Receptor Tyrosine-Protein Kinase erbB-2 Carboxyl Terminal Fragment,1
'Inositol Polyphosphate 5-Phosphatases'],1
'ARHGEF1 gene',1
'POLDIP2 gene',1
['PTEN gene',1
'Steroidogenic Factor 1',1
'CLC-2 Chloride Channels',1
'ABCB1 gene',1
'Chloride Channels'],1
['LMX1A gene',1
['Histone H3 Acetyl Lys28',1
['CYBB gene',1
'VAV3 protein,1
['Avidin',1
['ARNTL gene',1
'VAV2 gene',1
'Oxytocin Receptor'],1
['GIMAP5 gene',1
'corticotropin-releasing hormone',1
Autocrine Motility Factor',1
'Oxytocin Receptor',1
['oxytocin',1
['cardiotrophin-like cytokine',1
['ANK3 gene'],1
'dyngo-4a'],1
['TLR4 gene',1
'RAB4A gene'],1
['ANKRD31 gene',1
'RARRES1 gene'],1
'TFPI gene',1
['pericentrin'],1
'Lac Repressors'],1
'RAB11B gene',1
['Claudin-1'],1
'MYO7A gene'],1
'SEPTIN6 wt Allele'],1
['CLVS1 gene',1
'potassium',1
Bacterial'],1
['FKTN gene',1
'FHL5 gene',1
'TCF21 gene',1
['dystroglycan complex',1
